appid,player count,name,developer,publisher,score_rank,positive,negative,userscore,owners,average_forever,average_2weeks,median_forever,median_2weeks,price,initialprice,discount,ccu
696150,0,Electro Ride: The Neon Racing,Sylwester Osik,"Forestlight Games, PlayWay S.A.",,78.0,13.0,0,"20,000 .. 50,000",0.0,0.0,0.0,0.0,1299.0,1299.0,0.0,0.0
1084980,0,Front Lines,Marco S Hampel,Firez Studios,,156.0,69.0,0,"20,000 .. 50,000",0.0,0.0,0.0,0.0,0.0,0.0,0.0,0.0
1092040,0,BOMJMAN,Unique Media,Unique Media,,473.0,122.0,0,"20,000 .. 50,000",0.0,0.0,0.0,0.0,999.0,999.0,0.0,1.0
1130620,3,[Chilla's Art] Aka Manto | 赤マント,Chilla's Art,Chilla's Art,,566.0,59.0,0,"20,000 .. 50,000",245.0,0.0,357.0,0.0,449.0,499.0,10.0,5.0
1144970,1,Necronator: Dead Wrong,Toge Productions,Modern Wolf,,333.0,131.0,0,"20,000 .. 50,000",1457.0,0.0,1457.0,0.0,1999.0,1999.0,0.0,1.0
1168990,0,Planet destroyer,High and Wide,Bitlock Studio,,3.0,6.0,0,"20,000 .. 50,000",0.0,0.0,0.0,0.0,99.0,99.0,0.0,0.0
1121650,0,Dark Zone Defense,Supernature Studio,Supernature Studio,,30.0,6.0,0,"20,000 .. 50,000",0.0,0.0,0.0,0.0,49.0,199.0,75.0,0.0
1178780,9,BattleGroupVR,SpaceOwl Games,SpaceOwl Games,,648.0,46.0,0,"20,000 .. 50,000",524.0,0.0,524.0,0.0,2499.0,2499.0,0.0,3.0
1193120,0,The Battles of Spwak 3,"CM, Vinicius","CM, Vinicius",,8.0,3.0,0,"20,000 .. 50,000",0.0,0.0,0.0,0.0,0.0,0.0,0.0,0.0
951430,8,Dead Age 2: The Zombie Survival RPG,Silent Dreams,Headup,,788.0,235.0,0,"20,000 .. 50,000",1941.0,0.0,2592.0,0.0,413.0,1799.0,77.0,14.0
1210230,1,Suits: Absolute Power,Technomancy Studios,Technomancy Studios,,128.0,8.0,0,"20,000 .. 50,000",0.0,0.0,0.0,0.0,249.0,499.0,50.0,2.0
1232980,0,Alien 911 Prologue,Kicksome Entertainment,Kicksome Entertainment,,49.0,21.0,0,"20,000 .. 50,000",0.0,0.0,0.0,0.0,0.0,0.0,0.0,0.0
1283580,0,Minimalist Space War,Henning Info,Henning Info,,21.0,0.0,0,"20,000 .. 50,000",0.0,0.0,0.0,0.0,99.0,99.0,0.0,0.0
1258870,4,Aura Kingdom 2,"X-Legend Entertainment Co., Ltd.","X-Legend Entertainment Co., Ltd.",,79.0,163.0,0,"20,000 .. 50,000",0.0,0.0,0.0,0.0,0.0,0.0,0.0,5.0
1373920,0,Sword Rogue,chx125ck,chx125ck,,376.0,13.0,0,"20,000 .. 50,000",0.0,0.0,0.0,0.0,0.0,0.0,0.0,1.0
1383630,0,Antarctica 88,Euphoria Games,Euphoria Games,,113.0,14.0,0,"20,000 .. 50,000",0.0,0.0,0.0,0.0,599.0,599.0,0.0,0.0
1386040,0,Jelly Brawl: Classic,Cole Chittim,Cole Chittim,,248.0,103.0,0,"20,000 .. 50,000",0.0,0.0,0.0,0.0,0.0,0.0,0.0,3.0
1377240,0,Five-Finger Gunslinger,Team Rat Vibes,Team Rat Vibes,,8.0,4.0,0,"20,000 .. 50,000",0.0,0.0,0.0,0.0,0.0,0.0,0.0,0.0
1422090,0,Sink Again,Flatcoon,Flatcoon,,82.0,38.0,0,"20,000 .. 50,000",47.0,0.0,47.0,0.0,0.0,0.0,0.0,0.0
1376140,0,CounterBlocks,Acerola Software,Acerola Software,,1.0,0.0,0,"20,000 .. 50,000",0.0,0.0,0.0,0.0,499.0,499.0,0.0,0.0
1432730,0,911 Emergency Manager,GoodZeit UG,GoodZeit UG,,2.0,1.0,0,"20,000 .. 50,000",0.0,0.0,0.0,0.0,0.0,0.0,0.0,0.0
1421970,0,Time Loader: First Memories,Flazm,META Publishing,,83.0,6.0,0,"20,000 .. 50,000",0.0,0.0,0.0,0.0,0.0,0.0,0.0,0.0
342080,1,Rogue Invader,Squishy Games,Squishy Games,,25.0,1.0,0,"20,000 .. 50,000",0.0,0.0,0.0,0.0,1499.0,1499.0,0.0,1.0
1513650,0,Gun Bots,Protect the King,Self Published,,1.0,0.0,0,"20,000 .. 50,000",0.0,0.0,0.0,0.0,499.0,499.0,0.0,0.0
1526190,0,Mysteries of Shaola: The Cave,Smiling Dragon RPG Studios,Smiling Dragon RPG Studios,,1.0,0.0,0,"20,000 .. 50,000",0.0,0.0,0.0,0.0,299.0,999.0,70.0,1.0
1553530,0,Allan,Hanged Bunny Studio,Pentacle Technologie,,3.0,0.0,0,"20,000 .. 50,000",0.0,0.0,0.0,0.0,499.0,499.0,0.0,0.0
1428100,49,Instruments of Destruction,Radiangames,Radiangames,,555.0,15.0,0,"20,000 .. 50,000",102.0,0.0,102.0,0.0,1999.0,1999.0,0.0,35.0
1582260,0,Color Pixel Heroes,Boogygames Studios,Boogygames Studios,,3.0,0.0,0,"20,000 .. 50,000",0.0,0.0,0.0,0.0,199.0,199.0,0.0,1.0
1624620,0,SuperSecret,Joe Pinney,Joe Pinney,,3.0,1.0,0,"20,000 .. 50,000",0.0,0.0,0.0,0.0,199.0,199.0,0.0,0.0
1535790,0,Sword of Hypotenuse,iamrece,iamrece,,0.0,1.0,0,"20,000 .. 50,000",0.0,0.0,0.0,0.0,799.0,799.0,0.0,0.0
1724510,0,Detective Gman,Greg Wildasin,Greg Wildasin,,2.0,0.0,0,"20,000 .. 50,000",0.0,0.0,0.0,0.0,99.0,99.0,0.0,0.0
1805670,0,Cursed Island,CrystallPunk,CrystallPunk,,18.0,2.0,0,"20,000 .. 50,000",0.0,0.0,0.0,0.0,449.0,899.0,50.0,0.0
1295700,0,Nitroverse,TheNilusss,TheNilusss,,7.0,1.0,0,"20,000 .. 50,000",0.0,0.0,0.0,0.0,499.0,499.0,0.0,0.0
1886600,0,Trapped in the Forest,Ammonite Design Studios Ltd,Ammonite Design Studios Ltd,,0.0,2.0,0,"20,000 .. 50,000",0.0,0.0,0.0,0.0,224.0,899.0,75.0,0.0
1902120,0,Bigfield 2042,Sweet Games,Sweet Games,,35.0,13.0,0,"20,000 .. 50,000",0.0,0.0,0.0,0.0,49.0,99.0,51.0,0.0
1980600,0,Dueledged,Tired Monkey Games,Tired Monkey Games,,2.0,0.0,0,"20,000 .. 50,000",0.0,0.0,0.0,0.0,499.0,499.0,0.0,0.0
1794960,38,Sonic Origins,SEGA,SEGA,,1259.0,853.0,0,"20,000 .. 50,000",0.0,0.0,0.0,0.0,3999.0,3999.0,0.0,27.0
1559680,13,Amazing Frog? V3,Fayju,Fayju,,104.0,41.0,0,"20,000 .. 50,000",0.0,0.0,0.0,0.0,1999.0,1999.0,0.0,5.0
6090,1,Armed and Dangerous,Planet Moon Studios,"LucasArts, Lucasfilm, Disney",,222.0,20.0,0,"20,000 .. 50,000",7.0,0.0,7.0,0.0,599.0,599.0,0.0,1.0
40500,0,Sacraboar,Makivision Games,Makivision Games,,15.0,48.0,0,"20,000 .. 50,000",6.0,0.0,6.0,0.0,299.0,299.0,0.0,0.0
253350,0,Tiny Barbarian DX,StarQuail Games,"Nicalis, Inc.",,191.0,43.0,0,"20,000 .. 50,000",14.0,0.0,14.0,0.0,2999.0,2999.0,0.0,1.0
296930,0,Ascendant,Hapa Games,Hapa Games,,158.0,44.0,0,"20,000 .. 50,000",357.0,0.0,357.0,0.0,0.0,0.0,0.0,0.0
301680,0,Psichodelya,Ennoble Studios,KISS ltd,,36.0,60.0,0,"20,000 .. 50,000",211.0,0.0,231.0,0.0,0.0,0.0,0.0,1.0
307130,0,Asteria,Legend Studio,Legend Studio,,133.0,101.0,0,"20,000 .. 50,000",271.0,0.0,271.0,0.0,499.0,499.0,0.0,0.0
320790,0,Fabula Mortis,Deadghost Interactive,Deadghost Interactive,,35.0,49.0,0,"20,000 .. 50,000",192.0,0.0,192.0,0.0,799.0,799.0,0.0,0.0
336110,0,Bloody Streets,Headless Wizard,Headless Wizard,,95.0,25.0,0,"20,000 .. 50,000",124.0,0.0,124.0,0.0,499.0,499.0,0.0,0.0
341070,0,Stay Dead Evolution,Brucefilm,Plug In Digital,,46.0,69.0,0,"20,000 .. 50,000",0.0,0.0,0.0,0.0,599.0,599.0,0.0,0.0
351240,0,Venusian Vengeance,Renegade Sector Games,Renegade Sector Games,,72.0,10.0,0,"20,000 .. 50,000",0.0,0.0,0.0,0.0,399.0,399.0,0.0,0.0
348300,2,Chip's Challenge 2,Niffler Ltd.,Niffler Ltd.,,96.0,15.0,0,"20,000 .. 50,000",834.0,0.0,834.0,0.0,499.0,499.0,0.0,6.0
352620,0,Porcunipine,Big Green Pillow,Curve Games,,114.0,34.0,0,"20,000 .. 50,000",0.0,0.0,0.0,0.0,99.0,999.0,90.0,2.0
311820,0,RC Mini Racers,Decane,Decane,,88.0,46.0,0,"20,000 .. 50,000",15.0,0.0,15.0,0.0,499.0,499.0,0.0,0.0
383800,0,Close Order,Raconteur Games,Raconteur Games,,34.0,33.0,0,"20,000 .. 50,000",0.0,0.0,0.0,0.0,499.0,499.0,0.0,0.0
371430,0,Space Grunts,Orangepixel,Orangepixel,,58.0,14.0,0,"20,000 .. 50,000",314.0,0.0,314.0,0.0,1499.0,1499.0,0.0,0.0
394140,0,Sound Shift,Matthew Brown,Matthew Brown,,117.0,25.0,0,"20,000 .. 50,000",2172.0,0.0,3229.0,0.0,0.0,0.0,0.0,0.0
406400,0,Axes and Arrows,The Net Champs,The Net Champs,,4.0,2.0,0,"20,000 .. 50,000",0.0,0.0,0.0,0.0,299.0,299.0,0.0,0.0
334830,0,Entropy Rising,Autotivity Entertainment,Autotivity Entertainment,,31.0,13.0,0,"20,000 .. 50,000",18.0,0.0,18.0,0.0,99.0,99.0,0.0,0.0
317060,0,Attractio,"GameCoder Studios, Render Farm Studios",Mangatar Games,,54.0,81.0,0,"20,000 .. 50,000",17.0,0.0,17.0,0.0,0.0,0.0,0.0,0.0
368980,0,Force of Elements,"Wicked Fun, Inc.","Wicked Fun, Inc.",,52.0,48.0,0,"20,000 .. 50,000",9371.0,0.0,9371.0,0.0,0.0,0.0,0.0,0.0
406130,0,DarkMaus,Daniel Wright,Daniel Wright,,336.0,78.0,0,"20,000 .. 50,000",21.0,0.0,21.0,0.0,999.0,999.0,0.0,0.0
425340,0,Space Moth DX,1CC Games,Chorus Worldwide Games,,100.0,19.0,0,"20,000 .. 50,000",0.0,0.0,0.0,0.0,499.0,499.0,0.0,0.0
435420,0,Operation: Matriarchy,Madia Entertainment,ESDigital Games,,56.0,32.0,0,"20,000 .. 50,000",1844.0,0.0,1844.0,0.0,599.0,599.0,0.0,1.0
418620,2,The TakeOver,Pelikan13,Pelikan13,,692.0,114.0,0,"20,000 .. 50,000",0.0,0.0,0.0,0.0,1999.0,1999.0,0.0,2.0
441670,0,Jelly Killer,Immortal Game Studio,Immortal Game Studio,,247.0,66.0,0,"20,000 .. 50,000",430.0,0.0,430.0,0.0,399.0,399.0,0.0,0.0
466420,0,Warriors' Wrath,Storm Sharks Production,Storm Sharks Production,,49.0,24.0,0,"20,000 .. 50,000",251.0,0.0,251.0,0.0,99.0,99.0,0.0,0.0
467850,0,METAGAL,RetroRevolution,RetroRevolution,,93.0,42.0,0,"20,000 .. 50,000",0.0,0.0,0.0,0.0,399.0,399.0,0.0,0.0
379420,0,Polynomial 2 - Universe of the Music,"Dmytry Lavrov, Alexey Lavrov",Dmytry Lavrov,,118.0,21.0,0,"20,000 .. 50,000",678.0,0.0,678.0,0.0,1199.0,1199.0,0.0,1.0
452920,0,Laser Disco Defenders,Out Of Bounds,Excalibur Publishing,,40.0,6.0,0,"20,000 .. 50,000",0.0,0.0,0.0,0.0,999.0,999.0,0.0,0.0
459010,1,Ghost Town Mine Ride & Shootin' Gallery,Spectral Illusions,Spectral Illusions,,338.0,54.0,0,"20,000 .. 50,000",26.0,0.0,26.0,0.0,449.0,899.0,50.0,1.0
546550,0,Snowball!,Pixeljam,Pixeljam,,134.0,19.0,0,"20,000 .. 50,000",0.0,0.0,0.0,0.0,299.0,299.0,0.0,0.0
464650,1,Runbow,13AM Games,13AM Games,,82.0,15.0,0,"20,000 .. 50,000",20.0,0.0,25.0,0.0,1499.0,1499.0,0.0,1.0
567320,0,VThree,2xMilk,2xMilk,,46.0,53.0,0,"20,000 .. 50,000",0.0,0.0,0.0,0.0,799.0,799.0,0.0,0.0
422500,0,Emmerholt: Prologue,Oneiric Entertainment LLC,Oneiric Entertainment LLC,,75.0,22.0,0,"20,000 .. 50,000",8265.0,0.0,16505.0,0.0,0.0,0.0,0.0,0.0
364630,0,AirMech Command,Carbon Games,Carbon Games,,126.0,57.0,0,"20,000 .. 50,000",59.0,0.0,59.0,0.0,999.0,999.0,0.0,0.0
411970,8,TY the Tasmanian Tiger 2,Krome Studios,Krome Studios,,578.0,21.0,0,"20,000 .. 50,000",158.0,0.0,158.0,0.0,1499.0,1499.0,0.0,7.0
514080,0,Deadly Dozen,N-Fusion Interactive,Ziggurat,,32.0,12.0,0,"20,000 .. 50,000",0.0,0.0,0.0,0.0,999.0,999.0,0.0,1.0
579840,3,Bloody Trapland 2: Curiosity,"2Play, Prasius",2Play,,580.0,118.0,0,"20,000 .. 50,000",256.0,0.0,262.0,0.0,999.0,999.0,0.0,4.0
587970,0,Dead Drop,Ethan Waite,Volens Nolens Games,,56.0,14.0,0,"20,000 .. 50,000",0.0,0.0,0.0,0.0,999.0,999.0,0.0,0.0
384250,1,Super Rude Bear Resurrection,Alex Rose,Alex Rose Games,,96.0,63.0,0,"20,000 .. 50,000",230.0,0.0,230.0,0.0,1499.0,1499.0,0.0,0.0
514360,0,Freedom Fighter,Volens Nolens Games,Volens Nolens Games,,35.0,14.0,0,"20,000 .. 50,000",249.0,0.0,276.0,0.0,399.0,399.0,0.0,59.0
661300,0,Radical Spectrum: Volume 2,Autonomic Interactive,New Reality Games,,8.0,10.0,0,"20,000 .. 50,000",26.0,0.0,49.0,0.0,199.0,199.0,0.0,0.0
370800,1,Fields of Battle,Super X Studios LLC,Super X Studios LLC,,130.0,56.0,0,"20,000 .. 50,000",5522.0,0.0,5522.0,0.0,0.0,0.0,0.0,0.0
670930,0,Escape Doodland,fluckyMachine,Ultimate Games S.A.,,125.0,28.0,0,"20,000 .. 50,000",111.0,0.0,111.0,0.0,999.0,999.0,0.0,1.0
616520,0,Cheap Golf,Pixeljam,Pixeljam,,120.0,25.0,0,"20,000 .. 50,000",155.0,0.0,195.0,0.0,499.0,499.0,0.0,0.0
684300,0,BLADENET,Flyleap Studios,Flyleap Studios,,144.0,84.0,0,"20,000 .. 50,000",9.0,0.0,9.0,0.0,0.0,0.0,0.0,0.0
729670,0,LSD: Wanderlust (Lo-fi Edition),Eternity Studios,Eternity Studios,,38.0,52.0,0,"20,000 .. 50,000",10.0,0.0,10.0,0.0,499.0,499.0,0.0,0.0
690810,5,Killing Floor: Incursion,Tripwire Interactive,Tripwire Interactive,,472.0,421.0,0,"20,000 .. 50,000",72.0,0.0,128.0,0.0,499.0,1999.0,75.0,2.0
724870,0,Glorious Noon,Jehan Kobe Chang,Jehan Kobe Chang,,27.0,6.0,0,"20,000 .. 50,000",2171.0,0.0,2171.0,0.0,0.0,0.0,0.0,0.0
747590,0,Drive//Shaft,Spotted Zebra Software LLC,Spotted Zebra Software LLC,,45.0,24.0,0,"20,000 .. 50,000",19.0,0.0,19.0,0.0,99.0,99.0,0.0,0.0
654470,0,Blood Waves,Light Road Games,Light Road Games,,115.0,55.0,0,"20,000 .. 50,000",0.0,0.0,0.0,0.0,999.0,999.0,0.0,0.0
734920,0,MEANDERS,"ATOMIC BREATH, FraZack","ATOMIC BREATH, FraZack",,379.0,26.0,0,"20,000 .. 50,000",297.0,0.0,297.0,0.0,299.0,299.0,0.0,0.0
751350,0,Deadly Contact,Kaan Bukusoglu,Kaan Bukusoglu,,23.0,9.0,0,"20,000 .. 50,000",3308.0,0.0,3308.0,0.0,0.0,0.0,0.0,0.0
705370,0,The Cursed Tower,Mohsin Rizvi,Mohsin Rizvi,,56.0,34.0,0,"20,000 .. 50,000",3593.0,0.0,3593.0,0.0,0.0,0.0,0.0,0.0
803390,0,Thunderbolt,LillyWelland Inc.,Bitlock Studio,,23.0,20.0,0,"20,000 .. 50,000",1.0,0.0,1.0,0.0,199.0,199.0,0.0,0.0
812190,0,Miasma Caves,Windy Games,Windy Games,,14.0,2.0,0,"20,000 .. 50,000",0.0,0.0,0.0,0.0,1999.0,1999.0,0.0,0.0
823700,0,AUTOCROSS MADNESS,DCGsoft,DCGsoft,,36.0,32.0,0,"20,000 .. 50,000",0.0,0.0,0.0,0.0,399.0,399.0,0.0,0.0
798950,0,Logout,PlayWrite Studios,PlayWrite Studios,,25.0,17.0,0,"20,000 .. 50,000",2660.0,0.0,2660.0,0.0,0.0,0.0,0.0,0.0
685400,0,Skelly Selest,Anthony Case,Caiysware,,241.0,13.0,0,"20,000 .. 50,000",0.0,0.0,0.0,0.0,324.0,499.0,35.0,1.0
842500,0,Kickshot,R.A.M. Studios LLC,R.A.M. Studios LLC,,46.0,14.0,0,"20,000 .. 50,000",4325.0,0.0,4325.0,0.0,0.0,0.0,0.0,1.0
574200,1,EARTH DEFENSE FORCE 4.1 WINGDIVER THE SHOOTER,Clouds,D3PUBLISHER,,113.0,51.0,0,"20,000 .. 50,000",1.0,0.0,1.0,0.0,1999.0,1999.0,0.0,0.0
870140,0,Treasure Hunter Man 2,origamihero games,origamihero games,,14.0,1.0,0,"20,000 .. 50,000",0.0,0.0,0.0,0.0,199.0,199.0,0.0,0.0
860330,0,Mutation Mayhem,"Amy Li, Mitchell Shannon, Morgan Wesemann, Stacie McLaury, Tim Arterbury, Trystan Jasperson",Baylor University Game Studios,,15.0,6.0,0,"20,000 .. 50,000",1781.0,0.0,1781.0,0.0,0.0,0.0,0.0,0.0
914290,1,Welcome to Princeland,"Eren Aydin, Serhat Yucekaya",Eren Aydin,,278.0,79.0,0,"20,000 .. 50,000",66.0,0.0,115.0,0.0,499.0,499.0,0.0,0.0
852340,0,King Rabbit - Puzzle,RareSloth,RareSloth,,296.0,25.0,0,"20,000 .. 50,000",0.0,0.0,0.0,0.0,0.0,0.0,0.0,0.0
922040,0,Hamsterdam,Muse Games,Muse Games,,86.0,20.0,0,"20,000 .. 50,000",0.0,0.0,0.0,0.0,499.0,499.0,0.0,0.0
981020,1,Clea,InvertMouse,InvertMouse,,345.0,6.0,0,"20,000 .. 50,000",0.0,0.0,0.0,0.0,1119.0,1399.0,20.0,2.0
951260,0,Shieldwall Chronicles: Swords of the North,Wave Light Games Inc.,Wave Light Games Inc.,,121.0,36.0,0,"20,000 .. 50,000",0.0,0.0,0.0,0.0,1499.0,1499.0,0.0,1.0
985950,3,Operencia: The Stolen Sun,Zen Studios,Zen Studios,,346.0,91.0,0,"20,000 .. 50,000",0.0,0.0,0.0,0.0,2999.0,2999.0,0.0,5.0
988100,0,Super Phantom Cat,Veewo Games,WhiteLakeStudio,,175.0,34.0,0,"20,000 .. 50,000",23.0,0.0,23.0,0.0,499.0,499.0,0.0,0.0
988240,0,Urban Trial Playground,"Tate Multimedia, Teyon",Tate Multimedia ,,63.0,31.0,0,"20,000 .. 50,000",22.0,0.0,22.0,0.0,699.0,699.0,0.0,0.0
1054040,0,Warlander,Clock Drive Games,Clock Drive Games,,38.0,34.0,0,"20,000 .. 50,000",0.0,0.0,0.0,0.0,0.0,0.0,0.0,0.0
1051160,0,Snowball Rush,Unstoppable Pug Studio,Unstoppable Pug Studio,,8.0,4.0,0,"20,000 .. 50,000",0.0,0.0,0.0,0.0,99.0,99.0,0.0,0.0
981750,4,Crystar,FURYU Corporation,"Spike Chunsoft Co., Ltd.",,763.0,180.0,0,"20,000 .. 50,000",553.0,0.0,553.0,0.0,5999.0,5999.0,0.0,4.0
1078490,0,Seed Hunter 猎源,Wolf Knight,2P Games,,243.0,103.0,0,"20,000 .. 50,000",4.0,0.0,4.0,0.0,899.0,899.0,0.0,1.0
1060210,1,Disaster Report 4: Summer Memories,Granzella Inc.,"NIS America, Inc.",,257.0,104.0,0,"20,000 .. 50,000",0.0,0.0,0.0,0.0,2399.0,5999.0,60.0,6.0
1061730,0,Super Monkey Ball: Banana Blitz HD,SEGA,SEGA,,181.0,132.0,0,"20,000 .. 50,000",0.0,0.0,0.0,0.0,2999.0,2999.0,0.0,0.0
1151310,0,Blackbeard the Cursed Jungle,Boogygames Studios,Boogygames Studios,,5.0,2.0,0,"20,000 .. 50,000",0.0,0.0,0.0,0.0,99.0,99.0,0.0,0.0
1169740,5,Danger Scavenger,"Piotr Wolk, Star Drifters","Star Drifters, Doyoyo Games",,238.0,64.0,0,"20,000 .. 50,000",139.0,0.0,139.0,0.0,149.0,999.0,85.0,3.0
1170200,0,Ope,Campus ADN 2018-2019,Campus ADN,,79.0,25.0,0,"20,000 .. 50,000",0.0,0.0,0.0,0.0,0.0,0.0,0.0,0.0
1167800,0,Exphelius: Arena,Pharazen Studios,Pharazen Studios,,2.0,0.0,0,"20,000 .. 50,000",0.0,0.0,0.0,0.0,499.0,499.0,0.0,0.0
1180840,0,SoulfulLand,Rusimitu,Rusimitu,,1.0,0.0,0,"20,000 .. 50,000",0.0,0.0,0.0,0.0,599.0,599.0,0.0,0.0
1122680,2,The Artful Escape,Beethoven and Dinosaur,Annapurna Interactive,,949.0,65.0,0,"20,000 .. 50,000",0.0,0.0,0.0,0.0,1999.0,1999.0,0.0,2.0
1215430,0,Make Me LAG,4H StudioLab,4H StudioLab,,200.0,17.0,0,"20,000 .. 50,000",0.0,0.0,0.0,0.0,0.0,0.0,0.0,0.0
1309850,0,Into the TIMEVERSE,IMPERIAL DYNAMICS,IMPERIAL DYNAMICS,,7.0,1.0,0,"20,000 .. 50,000",0.0,0.0,0.0,0.0,199.0,199.0,0.0,0.0
1282330,0,Abracadabrew : Prologue,Miju Games,Miju Games,,4.0,0.0,0,"20,000 .. 50,000",0.0,0.0,0.0,0.0,0.0,0.0,0.0,0.0
1353860,0,Robo Terror,Alex Game Dev.,Garage Games,,3.0,6.0,0,"20,000 .. 50,000",0.0,0.0,0.0,0.0,299.0,299.0,0.0,0.0
1352380,0,Guts 'N Goals: Preseason,CodeManu,"PM Studios, inc.",,27.0,9.0,0,"20,000 .. 50,000",0.0,0.0,0.0,0.0,0.0,0.0,0.0,0.0
1361790,0,HYPERBOLIC Arcade Trading,Hyperbolic LLC,Hyperbolic LLC,,17.0,5.0,0,"20,000 .. 50,000",0.0,0.0,0.0,0.0,0.0,0.0,0.0,0.0
1395330,7,Venture Valley,The Singleton Foundation,Singleton Foundation for Financial Literacy and Entrepreneurship,,20.0,16.0,0,"20,000 .. 50,000",0.0,0.0,0.0,0.0,0.0,0.0,0.0,5.0
1290710,0,Shiro,Game Dynasty,Game Dynasty,,231.0,34.0,0,"20,000 .. 50,000",22.0,0.0,22.0,0.0,499.0,499.0,0.0,1.0
1437770,0,RevolVR 3,Never Bored,Never Bored,,114.0,41.0,0,"20,000 .. 50,000",0.0,0.0,0.0,0.0,0.0,0.0,0.0,0.0
1487440,0,Live Labyrinth,DIGITAL ART TEAM,DIGITAL ART TEAM,,10.0,5.0,0,"20,000 .. 50,000",0.0,0.0,0.0,0.0,99.0,99.0,0.0,0.0
1489600,0,Nix Umbra,ilzard,ilzard,,64.0,6.0,0,"20,000 .. 50,000",0.0,0.0,0.0,0.0,399.0,999.0,60.0,1.0
1508490,0,Commie Killer 2069,Blake Pierce,Pierced Games,,71.0,14.0,0,"20,000 .. 50,000",0.0,0.0,0.0,0.0,0.0,0.0,0.0,0.0
1525210,0,Steel Graves,Aridide Production,Aridide Production,,3.0,1.0,0,"20,000 .. 50,000",0.0,0.0,0.0,0.0,2499.0,2499.0,0.0,0.0
1464620,0,Oona the Druid's Path,"Astro Pup Games, ESAT",ESAT,,27.0,3.0,0,"20,000 .. 50,000",0.0,0.0,0.0,0.0,0.0,0.0,0.0,0.0
1497680,0,Retro Classix: Bad Dudes,Data East,"Ziggurat, 612 Games",,25.0,1.0,0,"20,000 .. 50,000",0.0,0.0,0.0,0.0,699.0,699.0,0.0,0.0
1447640,0,Deadly Cosmic,"Cupana Games, Felipe Maia, Victor Luccas Frey",Cupana Games,,19.0,1.0,0,"20,000 .. 50,000",0.0,0.0,0.0,0.0,99.0,99.0,0.0,0.0
1508280,0,2076 - Midway Multiverse,Ivanovich Games,Ivanovich Games,,30.0,6.0,0,"20,000 .. 50,000",0.0,0.0,0.0,0.0,1999.0,1999.0,0.0,1.0
1497950,6,EARTH DEFENSE FORCE: WORLD BROTHERS,YUKE'S,D3PUBLISHER,,478.0,111.0,0,"20,000 .. 50,000",0.0,0.0,0.0,0.0,3999.0,3999.0,0.0,6.0
1574240,2,Dread Delusion,Lovely Hellplace,Dread XP,,394.0,28.0,0,"20,000 .. 50,000",251.0,0.0,251.0,0.0,1999.0,1999.0,0.0,4.0
1567680,0,Cosmic Tank,Game Masterminds,Game Masterminds,,1.0,0.0,0,"20,000 .. 50,000",0.0,0.0,0.0,0.0,499.0,499.0,0.0,0.0
1707720,0,Blood for Poppies,Hosted Games,Hosted Games,,6.0,3.0,0,"20,000 .. 50,000",0.0,0.0,0.0,0.0,499.0,499.0,0.0,0.0
1639430,1,Princess&Blade,XP Liu,XP Liu,,554.0,131.0,0,"20,000 .. 50,000",0.0,0.0,0.0,0.0,999.0,999.0,0.0,10.0
1595000,0,Firelight Fantasy: Phoenix Crew,Firelight Interactive,Firelight Interactive,,27.0,12.0,0,"20,000 .. 50,000",0.0,0.0,0.0,0.0,599.0,599.0,0.0,0.0
1580380,0,Descent Vector: Space Runner,Heavy Pepper Inc.,Heavy Pepper Inc.,,10.0,1.0,0,"20,000 .. 50,000",0.0,0.0,0.0,0.0,999.0,999.0,0.0,0.0
1175490,0,Code Zero,"SergesChateau, Sergio Castillo","SergesChateau, Sergio Castillo",,3.0,0.0,0,"20,000 .. 50,000",0.0,0.0,0.0,0.0,199.0,199.0,0.0,0.0
1625280,0,Shackled,Tyler Wrigley,Tyler Wrigley,,3.0,0.0,0,"20,000 .. 50,000",0.0,0.0,0.0,0.0,499.0,499.0,0.0,0.0
1794740,0,Fears of Glasses  o-o,Hede,Hede,,10.0,3.0,0,"20,000 .. 50,000",0.0,0.0,0.0,0.0,999.0,999.0,0.0,1.0
1800290,0,Bolt Action,James Prior,Bolt Action Labs,,3.0,0.0,0,"20,000 .. 50,000",0.0,0.0,0.0,0.0,99.0,99.0,0.0,0.0
891360,9,Hellcoming,SurgutGames,SurgutGames,,484.0,120.0,0,"20,000 .. 50,000",266.0,0.0,266.0,0.0,499.0,499.0,0.0,2.0
1854050,0,V696,Veysel Çınar,Serkan Çınar,,38.0,25.0,0,"20,000 .. 50,000",0.0,0.0,0.0,0.0,399.0,399.0,0.0,1.0
1818880,0,BangBang PewPew,Molerat Digital Art Ltd.,Molerat Digital Art Ltd.,,14.0,1.0,0,"20,000 .. 50,000",0.0,0.0,0.0,0.0,2499.0,2499.0,0.0,0.0
1294420,15,Rollerdrome,Roll7,Private Division,,758.0,56.0,0,"20,000 .. 50,000",15.0,0.0,15.0,0.0,2999.0,2999.0,0.0,12.0
2115710,0,Necropolis of the Angels,Tony McKormack,Abomination Games,,1.0,0.0,0,"20,000 .. 50,000",0.0,0.0,0.0,0.0,199.0,199.0,0.0,0.0
204390,0,Pineapple Smash Crew ,RichMakeGame,RichMakeGame,,97.0,22.0,0,"20,000 .. 50,000",0.0,0.0,0.0,0.0,999.0,999.0,0.0,0.0
259190,4,Alone in the Dark: The New Nightmare,"Darkworks, Spiral House",THQ Nordic,,300.0,143.0,0,"20,000 .. 50,000",8.0,0.0,8.0,0.0,139.0,699.0,80.0,2.0
259810,0,Home Sheep Home: Farmageddon Party Edition,"Aardman Animations, Mobile Pie",Aardman Animations,,207.0,12.0,0,"20,000 .. 50,000",20.0,0.0,28.0,0.0,999.0,999.0,0.0,0.0
296650,0,The Great Jitters: Pudding Panic,kunst-stoff GmbH,kunst-stoff GmbH,,47.0,26.0,0,"20,000 .. 50,000",0.0,0.0,0.0,0.0,499.0,499.0,0.0,0.0
300340,0,Lemma,Helvetica Scenario,Helvetica Scenario,,195.0,36.0,0,"20,000 .. 50,000",70.0,0.0,70.0,0.0,1499.0,1499.0,0.0,0.0
302570,0,Dangerous,Binary Helix,XP,,14.0,34.0,0,"20,000 .. 50,000",0.0,0.0,0.0,0.0,1999.0,1999.0,0.0,0.0
315850,0,Amazing Princess Sarah,Haruneko Entertainment,Haruneko Entertainment,,133.0,71.0,0,"20,000 .. 50,000",0.0,0.0,0.0,0.0,169.0,499.0,66.0,0.0
321560,0,The Sun and Moon,Daniel Linssen,"Digerati, Kot in Action Creative Artel",,144.0,21.0,0,"20,000 .. 50,000",10.0,0.0,10.0,0.0,699.0,699.0,0.0,0.0
340630,0,Ninja Guy,Immunity Studios,Immunity Studios,,43.0,120.0,0,"20,000 .. 50,000",0.0,0.0,0.0,0.0,199.0,199.0,0.0,0.0
338840,0,Hollow's Land,Relax Minimalism,Relax Minimalism,,53.0,47.0,0,"20,000 .. 50,000",331.0,0.0,331.0,0.0,299.0,299.0,0.0,83.0
364890,0,The Lost Battalion: All Out Warfare,Jake Olson,My Way Games,,49.0,49.0,0,"20,000 .. 50,000",242.0,0.0,258.0,0.0,499.0,499.0,0.0,0.0
366700,0,Breakout Invaders,DreamsSoftGames,DreamsSoftGames,,32.0,32.0,0,"20,000 .. 50,000",0.0,0.0,0.0,0.0,79.0,399.0,80.0,0.0
365860,0,Spaceman Sparkles 2,tjern,tjern,,54.0,16.0,0,"20,000 .. 50,000",0.0,0.0,0.0,0.0,299.0,299.0,0.0,0.0
370590,0,Gem Wars: Attack of the Jiblets,Queen Birdface Productions,Queen Birdface Productions,,42.0,28.0,0,"20,000 .. 50,000",4629.0,0.0,4642.0,0.0,0.0,0.0,0.0,0.0
349020,0,Hyperspace Pinball,"Gamieon, Inc.","Gamieon, Inc.",,32.0,19.0,0,"20,000 .. 50,000",0.0,0.0,0.0,0.0,299.0,299.0,0.0,0.0
388260,0,Super Slam Dunk Touchdown,Tipping Goat LLC,Tipping Goat LLC,,32.0,9.0,0,"20,000 .. 50,000",0.0,0.0,0.0,0.0,1500.0,1500.0,0.0,0.0
290490,0,The Flock,Vogelsap,Vogelsap,,124.0,179.0,0,"20,000 .. 50,000",0.0,0.0,0.0,0.0,1699.0,1699.0,0.0,0.0
366180,0,Disposable Heroes,Ben Aprigliano,Evilized productions,,49.0,27.0,0,"20,000 .. 50,000",226.0,0.0,239.0,0.0,199.0,199.0,0.0,0.0
373630,0,Game Type,Mommy's Best Games,Mommy's Best Games,,33.0,10.0,0,"20,000 .. 50,000",0.0,0.0,0.0,0.0,299.0,299.0,0.0,1.0
398180,0,Euclidean,Alpha Wave Entertainment,AAD Productions,,156.0,83.0,0,"20,000 .. 50,000",0.0,0.0,0.0,0.0,499.0,499.0,0.0,0.0
404100,0,STEEL STRIDER,ASTRO PORT,Henteko Doujin,,49.0,12.0,0,"20,000 .. 50,000",0.0,0.0,0.0,0.0,599.0,599.0,0.0,0.0
406850,1,Crush Your Enemies,Vile Monarch,Good Shepherd Entertainment,,317.0,65.0,0,"20,000 .. 50,000",207.0,0.0,275.0,0.0,999.0,999.0,0.0,1.0
428440,0,Chasing Dead,2020 Venture,2020 Venture,,139.0,85.0,0,"20,000 .. 50,000",0.0,0.0,0.0,0.0,0.0,0.0,0.0,0.0
408650,0,ChromaGun,Pixel Maniacs,Pixel Maniacs,,427.0,75.0,0,"20,000 .. 50,000",88.0,0.0,125.0,0.0,1299.0,1299.0,0.0,2.0
436360,0,Robo's World: The Zarnok Fortress,"Bluish-Green Productions, Throw Away Games",Bluish-Green Games Inc.,,16.0,4.0,0,"20,000 .. 50,000",159.0,0.0,159.0,0.0,999.0,999.0,0.0,0.0
454970,0,Gravity Den,DiPi,Volens Nolens Games,,48.0,10.0,0,"20,000 .. 50,000",309.0,0.0,309.0,0.0,399.0,399.0,0.0,2.0
460220,0,Xenoraid: The First Space War,10tons Ltd,10tons Ltd,,108.0,14.0,0,"20,000 .. 50,000",0.0,0.0,0.0,0.0,999.0,999.0,0.0,1.0
467900,0,SWORDY,Frogshark,Frogshark,,66.0,33.0,0,"20,000 .. 50,000",141.0,0.0,141.0,0.0,1499.0,1499.0,0.0,0.0
306000,0,Super Dungeon Bros,React Games,Wired Productions,,49.0,66.0,0,"20,000 .. 50,000",24.0,0.0,24.0,0.0,1999.0,1999.0,0.0,0.0
349250,1,Copy Kitty,Nuclear Strawberry,Komodo,,295.0,7.0,0,"20,000 .. 50,000",1996.0,0.0,1996.0,0.0,1499.0,1499.0,0.0,0.0
467820,0,Zero G Arena,Jonathan Wood,Jonathan Wood,,658.0,75.0,0,"20,000 .. 50,000",2041.0,0.0,3038.0,0.0,999.0,999.0,0.0,0.0
475090,0,Project Remedium,Atomic Jelly,"Atomic Jelly, Movie Games S.A.",,46.0,89.0,0,"20,000 .. 50,000",242.0,0.0,242.0,0.0,1499.0,1499.0,0.0,1.0
494580,0,STANDBY,Noclip,Noclip,,160.0,55.0,0,"20,000 .. 50,000",205.0,0.0,222.0,0.0,299.0,299.0,0.0,3.0
398120,0,Advanced Gaming Platform::Epica,AGP::Studios,AGP::Studios,,19.0,46.0,0,"20,000 .. 50,000",5.0,0.0,5.0,0.0,1999.0,1999.0,0.0,0.0
542120,0,Win Big Or Die,Silver Legends,Cacti Council,,26.0,6.0,0,"20,000 .. 50,000",7548.0,0.0,7548.0,0.0,0.0,0.0,0.0,0.0
550450,2,Sparkle Unleashed,10tons Ltd,10tons Ltd,,56.0,18.0,0,"20,000 .. 50,000",24.0,0.0,24.0,0.0,799.0,799.0,0.0,2.0
527470,0,Donuts'n'Justice,FobTi interactive,FobTi interactive,,114.0,26.0,0,"20,000 .. 50,000",1.0,0.0,1.0,0.0,499.0,499.0,0.0,1.0
556780,0,Neptune: Arena FPS,GENOVA Softworks,GENOVA Softworks,,45.0,18.0,0,"20,000 .. 50,000",173.0,0.0,173.0,0.0,299.0,299.0,0.0,0.0
571870,0,Little Jack's Adventures,Mihai Morosanu,Mihai Morosanu,,38.0,24.0,0,"20,000 .. 50,000",245.0,54.0,327.0,54.0,51.0,99.0,48.0,0.0
492150,1,RPG World - Action RPG Maker,RaveyLarge,RaveyLarge,,381.0,162.0,0,"20,000 .. 50,000",851.0,0.0,1268.0,0.0,0.0,0.0,0.0,0.0
603350,0,Don't cut your hand,Kether Studio,Kether Studio,,168.0,37.0,0,"20,000 .. 50,000",23.0,0.0,23.0,0.0,89.0,99.0,10.0,0.0
593530,0,Jelly in the sky,Zolden Games,Zolden Games,,69.0,61.0,0,"20,000 .. 50,000",0.0,0.0,0.0,0.0,599.0,599.0,0.0,1.0
639450,0,"Don't Tax Me, Bro!",Tibith,Tibith,,45.0,11.0,0,"20,000 .. 50,000",214.0,0.0,248.0,0.0,0.0,0.0,0.0,0.0
661530,0,Gold Rush In The Oort Cloud,WTFOMGames,WTFOMGames,,7.0,13.0,0,"20,000 .. 50,000",0.0,0.0,0.0,0.0,299.0,299.0,0.0,0.0
667510,0,The Elmian Warrior,Sammio the Hammio,Sammio the Hammio,,2.0,2.0,0,"20,000 .. 50,000",0.0,0.0,0.0,0.0,299.0,299.0,0.0,0.0
598730,4,Shakedown: Hawaii,"Vblank Entertainment, Inc.","Vblank Entertainment, Inc.",,276.0,31.0,0,"20,000 .. 50,000",0.0,0.0,0.0,0.0,1999.0,1999.0,0.0,2.0
685230,0,Alienzix,"Xero TR-MMXZ, Xeneder",Xitilon,,36.0,18.0,0,"20,000 .. 50,000",1.0,0.0,1.0,0.0,499.0,499.0,0.0,0.0
676000,0,Bloody Mice,Tower Up Studios,Tower Up Studios,,32.0,14.0,0,"20,000 .. 50,000",0.0,0.0,0.0,0.0,99.0,99.0,0.0,0.0
691630,0,STELLATUM,Satur Entertainment,Satur Entertainment,,99.0,55.0,0,"20,000 .. 50,000",57.0,0.0,57.0,0.0,799.0,799.0,0.0,0.0
745500,0,Pixel Space Battles,"Nikita ""Ghost_RUS""",Ghost_RUS Games,,27.0,44.0,0,"20,000 .. 50,000",0.0,0.0,0.0,0.0,99.0,99.0,0.0,0.0
667810,0,Next Up Hero,Digital Continue,Aspyr,,99.0,79.0,0,"20,000 .. 50,000",0.0,0.0,0.0,0.0,1999.0,1999.0,0.0,0.0
597030,0,Aircraft Evolution,Satur Entertainment,Satur Entertainment,,194.0,38.0,0,"20,000 .. 50,000",0.0,0.0,0.0,0.0,799.0,799.0,0.0,1.0
475070,0,DIVE: Starpath,Gravity Well Studios,Gravity Well Studios,,37.0,14.0,0,"20,000 .. 50,000",4161.0,0.0,8322.0,0.0,0.0,0.0,0.0,0.0
764300,5,Shantae: Half-Genie Hero Ultimate Edition,WayForward,WayForward,,614.0,72.0,0,"20,000 .. 50,000",54.0,0.0,69.0,0.0,2999.0,2999.0,0.0,6.0
811270,0,Impulsion,Driving Force Games,Dear Villagers,,209.0,25.0,0,"20,000 .. 50,000",445.0,0.0,445.0,0.0,1299.0,1299.0,0.0,0.0
581660,5,Super Meat Boy Forever,Team Meat,Team Meat,,312.0,316.0,0,"20,000 .. 50,000",0.0,0.0,0.0,0.0,1999.0,1999.0,0.0,4.0
926450,0,Thibalryn,CoolJosh3k,CoolJosh3k,,16.0,5.0,0,"20,000 .. 50,000",0.0,0.0,0.0,0.0,0.0,0.0,0.0,0.0
904310,0,Initial 2 : New Stage,Restory Studio,Restory Studio,,290.0,131.0,0,"20,000 .. 50,000",30.0,0.0,30.0,0.0,2499.0,2499.0,0.0,0.0
834920,0,Operation Osama Bin Laden,Srimasis Rout,Srimasis Rout,,23.0,2.0,0,"20,000 .. 50,000",0.0,0.0,0.0,0.0,199.0,199.0,0.0,0.0
926540,1,Prime & Load : 1776,Radio Silence Entertainment,Radio Silence Entertainment ,,264.0,80.0,0,"20,000 .. 50,000",1079.0,0.0,1079.0,0.0,799.0,799.0,0.0,0.0
946810,0,the Escape,DRproject,HDR,,0.0,3.0,0,"20,000 .. 50,000",0.0,0.0,0.0,0.0,99.0,99.0,0.0,0.0
814740,2,Armored Battle Crew [World War 1] - Tank Warfare and Crew Management Simulator,Gattai Games,Gattai Games,,234.0,302.0,0,"20,000 .. 50,000",23.0,0.0,23.0,0.0,1999.0,1999.0,0.0,0.0
628720,1,GODS Remastered,Robot Riot UG (haftungsbeschränkt),Robot Riot UG (haftungsbeschränkt),,122.0,29.0,0,"20,000 .. 50,000",0.0,0.0,0.0,0.0,0.0,0.0,0.0,2.0
959730,0,Spider Lander,Lee Fuller,Lee Fuller,,4.0,0.0,0,"20,000 .. 50,000",0.0,0.0,0.0,0.0,99.0,99.0,0.0,0.0
1016180,34,Terror of Hemasaurus,Loren Lemcke,"Digerati, IndieArk",,234.0,12.0,0,"20,000 .. 50,000",0.0,0.0,0.0,0.0,1299.0,1299.0,0.0,22.0
1019060,0,5.84 Wing,Brouillard,Brouillard,,8.0,4.0,0,"20,000 .. 50,000",0.0,0.0,0.0,0.0,99.0,99.0,0.0,0.0
971210,0,ChronoBreach,UpsilonGames,UpsilonGames,,257.0,5.0,0,"20,000 .. 50,000",0.0,0.0,0.0,0.0,0.0,0.0,0.0,0.0
1059880,2,Devious Dungeon,"Woblyware, Ratalaika Games S.L.","Ratalaika Games S.L., Meridian4",,300.0,60.0,0,"20,000 .. 50,000",0.0,0.0,0.0,0.0,499.0,499.0,0.0,3.0
1034900,5,Blaster Master Zero,"INTI CREATES CO., LTD.","INTI CREATES CO., LTD.",,651.0,43.0,0,"20,000 .. 50,000",34.0,0.0,34.0,0.0,499.0,999.0,50.0,3.0
1102880,0,Kawaii Deathu Desu,Pippin Games,Top Hat Studios Inc,,111.0,46.0,0,"20,000 .. 50,000",0.0,0.0,0.0,0.0,399.0,399.0,0.0,0.0
1013040,0,Planetoid Pioneers Online,Data Realms,Data Realms,,72.0,80.0,0,"20,000 .. 50,000",0.0,0.0,0.0,0.0,999.0,999.0,0.0,0.0
1105810,2,Onset,Blue Mountains,Blue Mountains,,574.0,173.0,0,"20,000 .. 50,000",285.0,0.0,285.0,0.0,1899.0,1899.0,0.0,2.0
1050160,0,Sacrifice Your Friends,Astrolabe Interactive Inc.,Astrolabe Interactive Inc.,,14.0,3.0,0,"20,000 .. 50,000",0.0,0.0,0.0,0.0,899.0,1499.0,40.0,0.0
1171120,0,Nira,Baseline Games,Graffiti Games,,59.0,35.0,0,"20,000 .. 50,000",0.0,0.0,0.0,0.0,999.0,999.0,0.0,1.0
1197220,0,Another Try,Hoki Wolf Studio,Hoki Wolf Studio,,168.0,90.0,0,"20,000 .. 50,000",656.0,0.0,656.0,0.0,299.0,299.0,0.0,0.0
1232100,4,BroodStar,"David Schmidthoffer, Mae Livingston",self-published,,62.0,1.0,0,"20,000 .. 50,000",0.0,0.0,0.0,0.0,1099.0,1099.0,0.0,1.0
1352930,17,HAAK,Blingame,OKJOY,,1061.0,116.0,0,"20,000 .. 50,000",859.0,0.0,883.0,0.0,1799.0,1799.0,0.0,47.0
1385210,0,"Impulse, From Here!",ProjectHueHuman,ProjectHueHuman,,118.0,20.0,0,"20,000 .. 50,000",0.0,0.0,0.0,0.0,0.0,0.0,0.0,0.0
1356860,0,Project Boost,Immersion Plus,Immersion Plus,,11.0,1.0,0,"20,000 .. 50,000",0.0,0.0,0.0,0.0,599.0,599.0,0.0,2.0
1447830,0,battleMETAL,battleMETALDevs,None,,3.0,2.0,0,"20,000 .. 50,000",0.0,0.0,0.0,0.0,1499.0,1499.0,0.0,0.0
1506430,0,Asteroids Belt: Try to Survive!,INFINITE BRIDGE,INFINITE BRIDGE,,13.0,4.0,0,"20,000 .. 50,000",0.0,0.0,0.0,0.0,99.0,99.0,0.0,0.0
1513740,0,Warriors Of Titus - F2P,Martin Kutlak,Martin Kutlak,,10.0,3.0,0,"20,000 .. 50,000",0.0,0.0,0.0,0.0,0.0,0.0,0.0,0.0
1516360,0,Red Galaxy,CSZgames,CSZgames,,8.0,0.0,0,"20,000 .. 50,000",0.0,0.0,0.0,0.0,99.0,99.0,0.0,0.0
1549140,0,Apolune 2,Lost Astronaut,Lost Astronaut Studios,,3.0,0.0,0,"20,000 .. 50,000",0.0,0.0,0.0,0.0,499.0,499.0,0.0,0.0
1557300,0,Binger Ninja,Digital Sushi,Digital Sushi,,4.0,0.0,0,"20,000 .. 50,000",0.0,0.0,0.0,0.0,99.0,99.0,0.0,0.0
1036740,0,METAL DOGS,"24Frame,inc.","24Frame,inc.",,531.0,98.0,0,"20,000 .. 50,000",0.0,0.0,0.0,0.0,1999.0,1999.0,0.0,4.0
1155300,0,Palallel,GoatApe,GoatApe,,28.0,0.0,0,"20,000 .. 50,000",0.0,0.0,0.0,0.0,599.0,599.0,0.0,0.0
1417730,0,Coffin Mall,OKSoft,OKSoft,,39.0,8.0,0,"20,000 .. 50,000",0.0,0.0,0.0,0.0,399.0,499.0,20.0,0.0
1755110,0,Warlocks Entanglement,Sub Orbital Software,Sub Orbital Software,,2.0,0.0,0,"20,000 .. 50,000",0.0,0.0,0.0,0.0,799.0,799.0,0.0,0.0
1779650,0,Us Against Aliens,PancakeGames,PancakeGames,,3.0,1.0,0,"20,000 .. 50,000",0.0,0.0,0.0,0.0,399.0,399.0,0.0,0.0
1791300,0,Protect The Treasure,12x1 Doze Por Um Studio,Ricardo Rodrigues Games,,0.0,2.0,0,"20,000 .. 50,000",0.0,0.0,0.0,0.0,0.0,0.0,0.0,0.0
1457620,4,幻想三国志,"USERJOY Technology Co.,Ltd.","USERJOY Technology Co.,Ltd.",,134.0,74.0,0,"20,000 .. 50,000",125.0,0.0,125.0,0.0,199.0,199.0,0.0,15.0
1879000,0,In The End,SwizZzle,SwizzGamess,,5.0,6.0,0,"20,000 .. 50,000",0.0,0.0,0.0,0.0,299.0,299.0,0.0,0.0
1693140,0,ONCE IN MY HEAD,New Jerty Developer,New Jerty Publisher,,2.0,1.0,0,"20,000 .. 50,000",0.0,0.0,0.0,0.0,299.0,299.0,0.0,0.0
1923860,0,Neon Outlast,Keep Spinning,Keep Spinning,,0.0,1.0,0,"20,000 .. 50,000",0.0,0.0,0.0,0.0,0.0,0.0,0.0,0.0
1970980,104,Warlord: Britannia,Darkmatter Games,Darkmatter Games,,699.0,85.0,0,"20,000 .. 50,000",4.0,0.0,4.0,0.0,1599.0,1999.0,20.0,84.0
1983330,0,Exorcist,KAYDEM Studio,KAYDEM Studio,,11.0,11.0,0,"20,000 .. 50,000",0.0,0.0,0.0,0.0,399.0,799.0,50.0,0.0
2015610,0,Blood Hospital,Star &amp; Moon Romance,Star &amp; Moon Romance,,3.0,0.0,0,"20,000 .. 50,000",0.0,0.0,0.0,0.0,849.0,1699.0,50.0,0.0
21030,0,Watchmen: The End is Nigh Part 2,Deadline Games,Warner Bros. Interactive Entertainment,,130.0,67.0,0,"20,000 .. 50,000",0.0,0.0,0.0,0.0,499.0,499.0,0.0,1.0
80000,0,APOX,BlueGiant Interactive,BlueGiant Interactive,,49.0,127.0,0,"20,000 .. 50,000",193.0,0.0,193.0,0.0,1499.0,1499.0,0.0,0.0
110500,0,Data Jammers: FastForward,Digital Eel,Digital Eel,,62.0,33.0,0,"20,000 .. 50,000",1783.0,0.0,18.0,0.0,0.0,0.0,0.0,0.0
218660,0,iBomber Attack,Cobra Mobile,Cobra Mobile,,126.0,35.0,0,"20,000 .. 50,000",1.0,0.0,1.0,0.0,599.0,599.0,0.0,0.0
257790,0,Riptide GP2,Vector Unit,Vector Unit,,416.0,48.0,0,"20,000 .. 50,000",204.0,0.0,204.0,0.0,699.0,699.0,0.0,2.0
262920,0,Super Chain Crusher Horizon,"Mindware Co.,Ltd.","Mindware Co.,Ltd.",,19.0,14.0,0,"20,000 .. 50,000",305.0,0.0,305.0,0.0,1499.0,1499.0,0.0,0.0
262980,0,C-RUSH,Artnumeris,Artnumeris,,24.0,81.0,0,"20,000 .. 50,000",0.0,0.0,0.0,0.0,199.0,199.0,0.0,0.0
283410,1,CT Special Forces: Fire for Effect,"Asobo Studio, Hip Games",Funbox Media Ltd,,129.0,105.0,0,"20,000 .. 50,000",2793.0,0.0,107.0,0.0,299.0,299.0,0.0,0.0
284970,0,Project Root,OPQAM,Reverb Triple XP,,56.0,54.0,0,"20,000 .. 50,000",3.0,0.0,3.0,0.0,999.0,999.0,0.0,0.0
290440,0,QUALIA 3: Multi Agent,"Shindenken, EXTREME","Komodo, MASAYA GAMES",,22.0,26.0,0,"20,000 .. 50,000",0.0,0.0,0.0,0.0,499.0,499.0,0.0,0.0
303260,0,TRISTOY,Uniworlds Game Studios,Headup Games,,69.0,56.0,0,"20,000 .. 50,000",91.0,0.0,158.0,0.0,699.0,699.0,0.0,1.0
303470,0,Rush for Glory,Parseh Game Studio,Immanitas Entertainment GmbH,,90.0,49.0,0,"20,000 .. 50,000",36.0,0.0,40.0,0.0,1499.0,1499.0,0.0,0.0
314290,0,Obludia,FobTi interactive,FobTi interactive,,34.0,35.0,0,"20,000 .. 50,000",262.0,0.0,262.0,0.0,299.0,299.0,0.0,0.0
323450,0,Alphadia Genesis,EXE-CREATE,KEMCO,,98.0,23.0,0,"20,000 .. 50,000",233.0,0.0,233.0,0.0,999.0,999.0,0.0,1.0
346970,0,OBEY,Dez,"The Lo-Fi Apocalypse, Inc.",,352.0,61.0,0,"20,000 .. 50,000",536.0,0.0,536.0,0.0,799.0,799.0,0.0,0.0
279580,0,Devil's Dare 悪魔の挑戦,Secret Base,Secret Base,,104.0,48.0,0,"20,000 .. 50,000",256.0,0.0,313.0,0.0,1299.0,1299.0,0.0,0.0
358280,0,Alien Carnage / Halloween Harry,"Interactive Binary Illusions, SubZero Software",3D Realms (Apogee Software),,29.0,27.0,0,"20,000 .. 50,000",0.0,0.0,0.0,0.0,0.0,0.0,0.0,0.0
358370,0,Terminal Velocity,Terminal Reality,Ziggurat,,57.0,8.0,0,"20,000 .. 50,000",0.0,0.0,0.0,0.0,699.0,699.0,0.0,0.0
370550,0,Sparkle 2,10tons Ltd,10tons Ltd,,166.0,17.0,0,"20,000 .. 50,000",821.0,0.0,821.0,0.0,799.0,799.0,0.0,1.0
359960,1,Choice Chamber,Studio Bean,Studio Bean,,197.0,72.0,0,"20,000 .. 50,000",186.0,0.0,192.0,0.0,999.0,999.0,0.0,0.0
372830,0,Fitz the Fox,Bread Vision Studios LLC.,Bread Vision Studios LLC.,,100.0,23.0,0,"20,000 .. 50,000",159.0,0.0,159.0,0.0,399.0,399.0,0.0,1.0
390890,0,Angry Arrows,DanielDavisGames,DanielDavisGames,,146.0,12.0,0,"20,000 .. 50,000",202.0,0.0,202.0,0.0,499.0,499.0,0.0,0.0
365120,0,Curse of the Crescent Isle DX,Adam Mowery,Adam Mowery,,67.0,28.0,0,"20,000 .. 50,000",0.0,0.0,0.0,0.0,99.0,99.0,0.0,0.0
394600,0,Mighty Gunvolt,"INTI CREATES CO., LTD.","INTI CREATES CO., LTD.",,237.0,82.0,0,"20,000 .. 50,000",13.0,0.0,13.0,0.0,99.0,499.0,80.0,0.0
397990,0,Woof Blaster,Fabian Jarrett,Fabian Jarrett,,108.0,24.0,0,"20,000 .. 50,000",9466.0,0.0,18916.0,0.0,0.0,0.0,0.0,0.0
403200,0,Legends of Dawn Reborn,Dreamatrix,Dreamatrix,,22.0,58.0,0,"20,000 .. 50,000",97.0,0.0,169.0,0.0,2999.0,2999.0,0.0,0.0
412670,1,Bullet Heaven 2,Matt Roszak,Matt Roszak,,389.0,7.0,0,"20,000 .. 50,000",236.0,0.0,236.0,0.0,1199.0,1199.0,0.0,10.0
419090,0,Vector Strain,OMNIDREAM CREATIONS,OMNIDREAM CREATIONS,,47.0,16.0,0,"20,000 .. 50,000",25.0,0.0,25.0,0.0,499.0,499.0,0.0,0.0
405720,0,Perfect Universe - Play with Gravity,Will Sykes Games,Excalibur Publishing,,92.0,31.0,0,"20,000 .. 50,000",2.0,0.0,2.0,0.0,999.0,999.0,0.0,0.0
429020,0,LONE WOLF: Horizon,m4g,M4GDEV,,21.0,58.0,0,"20,000 .. 50,000",6023.0,0.0,6023.0,0.0,0.0,0.0,0.0,0.0
357340,0,Cobalt,Oxeye Game Studio,Mojang,,599.0,53.0,0,"20,000 .. 50,000",0.0,0.0,0.0,0.0,1499.0,1499.0,0.0,1.0
440750,0,Story of a Cube,TinyAtomGames,TinyAtomGames,,17.0,15.0,0,"20,000 .. 50,000",208.0,0.0,208.0,0.0,599.0,599.0,0.0,0.0
429330,1,Stikbold! A Dodgeball Adventure,Game Swing,Curve Games,,366.0,50.0,0,"20,000 .. 50,000",128.0,0.0,156.0,0.0,499.0,999.0,50.0,0.0
449550,3,Chicken Invaders 2,InterAction studios,InterAction studios,,339.0,11.0,0,"20,000 .. 50,000",136.0,0.0,136.0,0.0,399.0,399.0,0.0,2.0
437530,0,A Blind Legend,Dowino,Plug In Digital,,186.0,48.0,0,"20,000 .. 50,000",182.0,0.0,182.0,0.0,699.0,699.0,0.0,0.0
405970,0,Flat Kingdom Paper's Cut Edition,Fat Panda Games,Games Starter,,142.0,49.0,0,"20,000 .. 50,000",289.0,0.0,289.0,0.0,799.0,799.0,0.0,1.0
456540,0,STAR WARS: Rebel Assault I + II,LucasArts,"LucasArts, Lucasfilm, Disney",,126.0,73.0,0,"20,000 .. 50,000",13.0,0.0,13.0,0.0,999.0,999.0,0.0,1.0
399600,0,I and Me,Wish Fang,"Wish Fang, indienova",,337.0,15.0,0,"20,000 .. 50,000",89.0,0.0,102.0,0.0,999.0,999.0,0.0,0.0
491620,0,Beeftacular,Retrific,Retrific,,76.0,20.0,0,"20,000 .. 50,000",147.0,0.0,147.0,0.0,299.0,299.0,0.0,0.0
393200,1,Bad Rats Show,Invent4 Entertainment,Strategy First,,666.0,165.0,0,"20,000 .. 50,000",277.0,0.0,339.0,0.0,59.0,199.0,70.0,2.0
466980,0,Can't Drive This,Pixel Maniacs,Pixel Maniacs,,283.0,55.0,0,"20,000 .. 50,000",21.0,0.0,21.0,0.0,1999.0,1999.0,0.0,0.0
509850,1,Bumper,Artur Rezende,PROATIV GAMES,,79.0,27.0,0,"20,000 .. 50,000",131.0,76.0,138.0,76.0,99.0,99.0,0.0,7.0
465050,0,Grey Phobia,Blackturn Ltd,Blackturn Ltd,,36.0,31.0,0,"20,000 .. 50,000",0.0,0.0,0.0,0.0,299.0,299.0,0.0,0.0
393790,2,Rogue Operatives Hide and Seek,SIM720 LIMITED,SIM720 LIMITED,,94.0,40.0,0,"20,000 .. 50,000",4076.0,0.0,8121.0,0.0,0.0,0.0,0.0,0.0
547260,0,Mausoleum of the Medusa,New Hell Studios,New Hell Studios,,59.0,21.0,0,"20,000 .. 50,000",9389.0,0.0,9389.0,0.0,0.0,0.0,0.0,0.0
307940,0,Radiation Island,Atypical Games,Atypical Games,,413.0,110.0,0,"20,000 .. 50,000",443.0,0.0,591.0,0.0,999.0,999.0,0.0,3.0
541670,18,Disney Infinity 3.0: Gold Edition,"Avalanche Software, Heavy Iron Studios",Disney,,718.0,111.0,0,"20,000 .. 50,000",9953.0,0.0,9953.0,0.0,2999.0,2999.0,0.0,13.0
536450,0,Vzerthos: The Heir of Thunder,DarkDes Labs,DarkDes Labs,,72.0,26.0,0,"20,000 .. 50,000",182.0,0.0,182.0,0.0,699.0,699.0,0.0,0.0
564150,0,Rosenkreuzstilette,"[erka:es], Darksquid Media",PLAYISM,,273.0,68.0,0,"20,000 .. 50,000",0.0,0.0,0.0,0.0,999.0,999.0,0.0,0.0
581970,1,Zombie Ballz,Almighty Games,Almighty Games,,73.0,29.0,0,"20,000 .. 50,000",100.0,0.0,153.0,0.0,119.0,199.0,40.0,3.0
585090,1,Black River,Thorne Games,Thorne Games,,17.0,17.0,0,"20,000 .. 50,000",0.0,0.0,0.0,0.0,499.0,499.0,0.0,1.0
619600,0,Wrecked: Get Your Ship Together,Business Mouse Studios,Business Mouse Studios,,28.0,13.0,0,"20,000 .. 50,000",14419.0,0.0,14419.0,0.0,0.0,0.0,0.0,0.0
618510,0,Battle Bruise,Zanardi and Liza,Zanardi and Liza,,372.0,37.0,0,"20,000 .. 50,000",260.0,0.0,272.0,0.0,99.0,99.0,0.0,0.0
637410,0,Disputed Space,ShilohGames,ShilohGames,,60.0,34.0,0,"20,000 .. 50,000",50.0,0.0,50.0,0.0,99.0,199.0,50.0,0.0
595770,4,AirMech Wastelands,Carbon Games,Carbon Games,,232.0,96.0,0,"20,000 .. 50,000",788.0,0.0,788.0,0.0,1499.0,1499.0,0.0,7.0
664460,0,Ultimate Summer,Asmodev,Ultimate Games S.A.,,23.0,1.0,0,"20,000 .. 50,000",0.0,0.0,0.0,0.0,299.0,399.0,25.0,0.0
623880,0,World of Speed,"Saber Interactive, Redemption Ark",Mad Dog Games LLC,,321.0,205.0,0,"20,000 .. 50,000",0.0,0.0,0.0,0.0,0.0,0.0,0.0,0.0
713530,1,ARMORED KITTEN,Ducat,Ducat,,256.0,56.0,0,"20,000 .. 50,000",196.0,0.0,196.0,0.0,249.0,499.0,50.0,0.0
608630,0,PIXEL ZUMBI,Amilton Neves,AlexHoratio,,29.0,7.0,0,"20,000 .. 50,000",0.0,0.0,0.0,0.0,199.0,199.0,0.0,0.0
693750,0,Galactic Crew,Benjamin Rommel Games,Benjamin Rommel Games,,78.0,68.0,0,"20,000 .. 50,000",31.0,0.0,54.0,0.0,0.0,0.0,0.0,0.0
459370,0,Riverbond,Cococucumber,Cococucumber,,75.0,20.0,0,"20,000 .. 50,000",0.0,0.0,0.0,0.0,2499.0,2499.0,0.0,0.0
718720,0,DEATHPIT 3000,Cyberlamb Studios,Cyberlamb Studios,,27.0,7.0,0,"20,000 .. 50,000",0.0,0.0,0.0,0.0,399.0,399.0,0.0,0.0
800280,0,FLYVALNY 20!8,VeaTryzLon-ZeGod,VeaTryzLon-ZeGod,,46.0,11.0,0,"20,000 .. 50,000",0.0,0.0,0.0,0.0,99.0,99.0,0.0,0.0
804210,0,Star Advent,Maraby,КиКо,,57.0,41.0,0,"20,000 .. 50,000",0.0,0.0,0.0,0.0,99.0,99.0,0.0,0.0
726360,52,BOOBS SAGA: Prepare To Hentai Edition,Boobs Dev,Boobs Dev,99,367.0,103.0,77,"20,000 .. 50,000",109.0,0.0,156.0,0.0,89.0,299.0,70.0,2.0
743190,0,Zap Zap Zombie Cats,Hang Time Studios,Hang Time Studios,,34.0,23.0,0,"20,000 .. 50,000",712.0,0.0,712.0,0.0,0.0,0.0,0.0,0.0
853580,0,Lost,RewindApp,RewindApp,,12.0,21.0,0,"20,000 .. 50,000",0.0,0.0,0.0,0.0,99.0,99.0,0.0,0.0
864160,2,BE-A Walker,Tequilabyte Studio,"Games Operators, PlayWay S.A.",,276.0,98.0,0,"20,000 .. 50,000",0.0,0.0,0.0,0.0,199.0,999.0,80.0,1.0
879670,0,Battle Simulator,KicklessGame,RewindApp,,88.0,72.0,0,"20,000 .. 50,000",0.0,0.0,0.0,0.0,99.0,99.0,0.0,0.0
717310,2,Aggelos,Storybird Games,"PQube, Look At My Game",,286.0,74.0,0,"20,000 .. 50,000",756.0,0.0,756.0,0.0,1499.0,1499.0,0.0,1.0
587110,15,Ys: Memories of Celceta,Nihon Falcom,"XSEED Games, Marvelous USA, Inc.",,586.0,42.0,0,"20,000 .. 50,000",1042.0,0.0,1432.0,0.0,2499.0,2499.0,0.0,13.0
879650,2,Stick Arena,XGen Studios,XGen Studios,,69.0,46.0,0,"20,000 .. 50,000",0.0,0.0,0.0,0.0,0.0,0.0,0.0,3.0
855580,0,Ahlman Arcade 2018,Team in Time,Ahlman Game Studio,,18.0,10.0,0,"20,000 .. 50,000",0.0,0.0,0.0,0.0,0.0,0.0,0.0,0.0
799340,0,Battle for Gaming,Free Time Dev,Free Time Dev,,0.0,1.0,0,"20,000 .. 50,000",0.0,0.0,0.0,0.0,699.0,699.0,0.0,0.0
943140,1,Sparklite,Red Blue Games,"Merge Games, Maple Whispering Limited",,318.0,92.0,0,"20,000 .. 50,000",0.0,0.0,0.0,0.0,2499.0,2499.0,0.0,5.0
608120,1,AFTERBURN,MorfeoDev,MorfeoDev,,240.0,34.0,0,"20,000 .. 50,000",110.0,0.0,110.0,0.0,999.0,999.0,0.0,0.0
559620,2,Outlaws + A Handful of Missions,LucasArts,"Lucasfilm, Disney",,427.0,29.0,0,"20,000 .. 50,000",46.0,0.0,46.0,0.0,599.0,599.0,0.0,4.0
934830,0,Circuit Slinger,MioMax,SMU Guildhall,,14.0,11.0,0,"20,000 .. 50,000",0.0,0.0,0.0,0.0,0.0,0.0,0.0,0.0
971690,1,Cake Bash,High Tea Frog,Coatsink,,208.0,22.0,0,"20,000 .. 50,000",99.0,0.0,99.0,0.0,1999.0,1999.0,0.0,4.0
994260,0,Accel,Objectif 3D - game,Objectif 3D - game,,72.0,13.0,0,"20,000 .. 50,000",0.0,0.0,0.0,0.0,0.0,0.0,0.0,0.0
1026910,0,Memorise'n'run,JOZGamer,JOZGames,,18.0,0.0,0,"20,000 .. 50,000",0.0,0.0,0.0,0.0,49.0,99.0,51.0,0.0
1043560,0,Static,Dogwood Gaming,-,,12.0,0.0,0,"20,000 .. 50,000",0.0,0.0,0.0,0.0,999.0,999.0,0.0,0.0
1048790,0,Phantasmata,Phantasmata Project,Phantasmata Project,,13.0,1.0,0,"20,000 .. 50,000",0.0,0.0,0.0,0.0,1999.0,1999.0,0.0,0.0
905090,1,Pineview Drive - Homeless,VIS-Games,SilentFuture,,66.0,32.0,0,"20,000 .. 50,000",0.0,0.0,0.0,0.0,899.0,1799.0,50.0,0.0
1061150,0,Muscle Magic,Disco Dog,Breda University of Applied Sciences,,38.0,4.0,0,"20,000 .. 50,000",0.0,0.0,0.0,0.0,0.0,0.0,0.0,0.0
1048950,1,Desert Skies,White_Rabbit_Games,White_Rabbit_Games,,260.0,96.0,0,"20,000 .. 50,000",104.0,0.0,104.0,0.0,1999.0,1999.0,0.0,1.0
1088870,0,奇幻与砍杀 Fantasy & Blade,绝汪,绝汪,,172.0,52.0,0,"20,000 .. 50,000",0.0,0.0,0.0,0.0,399.0,399.0,0.0,0.0
1097300,0,Ostrofa,Normunds Petrovs,Normunds Petrovs,,47.0,28.0,0,"20,000 .. 50,000",0.0,0.0,0.0,0.0,0.0,0.0,0.0,0.0
1090440,0,Kelipot,Unlimited Fly Games,"Unlimited Fly Games, Gamera Games",,618.0,116.0,0,"20,000 .. 50,000",22.0,0.0,22.0,0.0,1399.0,1399.0,0.0,3.0
1056180,5,Cathedral,Decemberborn Interactive,Decemberborn Interactive,,238.0,65.0,0,"20,000 .. 50,000",0.0,0.0,0.0,0.0,1499.0,1499.0,0.0,0.0
1112830,1,The Watchers,"Joe Fender, Luke Fanning",Straight Back Games,,247.0,91.0,0,"20,000 .. 50,000",133.0,0.0,193.0,0.0,449.0,899.0,50.0,7.0
1151750,0,mmmmm donuts arhhh......,Easy game, Game for people,,24.0,11.0,0,"20,000 .. 50,000",0.0,0.0,0.0,0.0,49.0,99.0,51.0,0.0
1159640,0,ANIME - World War II,Konnichiwa Games,Konnichiwa Games,,643.0,124.0,0,"20,000 .. 50,000",92.0,0.0,92.0,0.0,199.0,199.0,0.0,0.0
1172090,0,In Passing,CelleC Games,CelleC Games,,104.0,28.0,0,"20,000 .. 50,000",0.0,0.0,0.0,0.0,0.0,0.0,0.0,0.0
1211060,0,Mission:Amazing,GimfoGames,GimfoGames,,1.0,0.0,0,"20,000 .. 50,000",0.0,0.0,0.0,0.0,0.0,0.0,0.0,0.0
1224650,0,Super Arcade Boy in Goodbye Greenies,LoadUpGames.com,LoadUpGames.com,,1.0,0.0,0,"20,000 .. 50,000",0.0,0.0,0.0,0.0,199.0,199.0,0.0,0.0
1234190,0,ANIME WAR — Modern Campaign,Konnichiwa Games,Konnichiwa Games,,356.0,66.0,0,"20,000 .. 50,000",0.0,0.0,0.0,0.0,199.0,199.0,0.0,0.0
1276170,0,Pandemic Panic!,EDIT WORKS,MOSQUITO COCKTAIL LTD,,2.0,0.0,0,"20,000 .. 50,000",0.0,0.0,0.0,0.0,249.0,499.0,50.0,0.0
1014240,0,Starship Saboteur Prototype,Catland,Catland,,6.0,2.0,0,"20,000 .. 50,000",0.0,0.0,0.0,0.0,0.0,0.0,0.0,0.0
1298010,0,Tactical Combat Department,LukasH,Render System,,58.0,25.0,0,"20,000 .. 50,000",0.0,0.0,0.0,0.0,749.0,1499.0,50.0,0.0
1340910,0,From The Grave,Esteban Jauregui,Esteban Jauregui,,10.0,10.0,0,"20,000 .. 50,000",0.0,0.0,0.0,0.0,0.0,0.0,0.0,0.0
1378390,0,Endurance - space action,Ivan Panasenko,Ivan Panasenko,,3.0,3.0,0,"20,000 .. 50,000",0.0,0.0,0.0,0.0,799.0,799.0,0.0,0.0
828640,0,The Stranger VR,RealityArts Studio,RealityArts Studio,,48.0,17.0,0,"20,000 .. 50,000",0.0,0.0,0.0,0.0,999.0,999.0,0.0,0.0
1260400,0,Challenge Speedball,Bucksoft91,Bucksoft91,,61.0,40.0,0,"20,000 .. 50,000",0.0,0.0,0.0,0.0,199.0,199.0,0.0,1.0
1373240,0,Cube Raiders,Void Games,JanduSoft,,8.0,4.0,0,"20,000 .. 50,000",0.0,0.0,0.0,0.0,1299.0,1299.0,0.0,0.0
1437210,0,Bring Back The Sun by Daniel da Silva,Daniel da Silva,SmokeSomeFrogs,,3.0,3.0,0,"20,000 .. 50,000",0.0,0.0,0.0,0.0,300.0,300.0,0.0,0.0
1448650,0,Close Contact,Ryan Javanshir,Ryan Javanshir,,14.0,3.0,0,"20,000 .. 50,000",0.0,0.0,0.0,0.0,249.0,499.0,50.0,0.0
1467590,0,Frontiers Reach,Blind Alien Productions,Blind Alien Productions,,3.0,0.0,0,"20,000 .. 50,000",0.0,0.0,0.0,0.0,1999.0,1999.0,0.0,1.0
1479460,0,Naginata,Nacks Soft,Nacks Soft,,25.0,5.0,0,"20,000 .. 50,000",0.0,0.0,0.0,0.0,799.0,799.0,0.0,0.0
1480480,8,DesktopMMD3:Miss Fish,DesktopMMD Team,DesktopMMD Team,,169.0,73.0,0,"20,000 .. 50,000",0.0,0.0,0.0,0.0,239.0,399.0,40.0,6.0
1409810,0,月之泪 ～ Tears of Luna,宇智波早苗,宇智波早苗,,1.0,1.0,0,"20,000 .. 50,000",0.0,0.0,0.0,0.0,399.0,399.0,0.0,0.0
1489390,0,Lost Angel,"Dolphin media, Intofeel Company","Dolphin media, Intofeel Company",,22.0,15.0,0,"20,000 .. 50,000",0.0,0.0,0.0,0.0,1999.0,1999.0,0.0,0.0
1528570,0,Royale Island Showdown,Logan Thatcher,Logan Thatcher,,104.0,18.0,0,"20,000 .. 50,000",0.0,0.0,0.0,0.0,0.0,0.0,0.0,0.0
1534900,0,VR Guardians,"x-climb, Inc.","x-climb, Inc.",,3.0,3.0,0,"20,000 .. 50,000",0.0,0.0,0.0,0.0,0.0,0.0,0.0,0.0
945540,0,Knights of Riddle,Game Scorpion Inc.,Game Scorpion Inc.,,1.0,0.0,0,"20,000 .. 50,000",0.0,0.0,0.0,0.0,999.0,999.0,0.0,0.0
1543320,0,The Road to Gelendzhik Palace,INFINITE BRIDGE,INFINITE BRIDGE,,5.0,13.0,0,"20,000 .. 50,000",0.0,0.0,0.0,0.0,99.0,99.0,0.0,0.0
1394720,0,Block Dungeon,Gnelf,Gnelf,,29.0,9.0,0,"20,000 .. 50,000",0.0,0.0,0.0,0.0,51.0,399.0,87.0,0.0
1494320,0,JEI VR,lineindevs,lineindevs,,3.0,4.0,0,"20,000 .. 50,000",0.0,0.0,0.0,0.0,499.0,499.0,0.0,0.0
1566590,0,Pilot's Misadventures,Reforged Group,Reforged Group,,2.0,1.0,0,"20,000 .. 50,000",0.0,0.0,0.0,0.0,49.0,99.0,51.0,0.0
1708030,0,SpaceSeals,Andrey Mikheev,Piece Of Voxel,,0.0,3.0,0,"20,000 .. 50,000",0.0,0.0,0.0,0.0,999.0,999.0,0.0,0.0
1722780,0,Witch Stone,Crooked Road,Piece Of Voxel,,8.0,2.0,0,"20,000 .. 50,000",0.0,0.0,0.0,0.0,999.0,999.0,0.0,0.0
1595710,3,Chased by Darkness,3+ Productions,South Blue Moon,,211.0,82.0,0,"20,000 .. 50,000",0.0,0.0,0.0,0.0,349.0,499.0,30.0,7.0
1575870,86,UpGun,"MaxEstLa, Zino",MaxEstLa,,824.0,131.0,0,"20,000 .. 50,000",111.0,26.0,116.0,26.0,0.0,0.0,0.0,78.0
1603410,1,Lost Nova,Jon Nielsen,HopFrog,,180.0,6.0,0,"20,000 .. 50,000",0.0,0.0,0.0,0.0,1499.0,1499.0,0.0,1.0
1589860,0,MAYBE I CAN,NightCrew,NightCrew,,1.0,0.0,0,"20,000 .. 50,000",0.0,0.0,0.0,0.0,999.0,999.0,0.0,0.0
1646820,0,Action Commando 2,BlueEagle Productions,Paul Schneider,,4.0,1.0,0,"20,000 .. 50,000",0.0,0.0,0.0,0.0,499.0,499.0,0.0,0.0
1623320,0,Little Big Guy,Albatross Idea,Albatross Idea,,1.0,2.0,0,"20,000 .. 50,000",0.0,0.0,0.0,0.0,299.0,299.0,0.0,0.0
1677480,0,Coral Quest,Matchala Games,Matchala Games,,3.0,1.0,0,"20,000 .. 50,000",0.0,0.0,0.0,0.0,999.0,999.0,0.0,0.0
1636850,0,CYBRID,Tom Reason,SHADA GAMES,,63.0,9.0,0,"20,000 .. 50,000",0.0,0.0,0.0,0.0,1499.0,1499.0,0.0,0.0
1453790,0,The Serpent Rogue,Sengi Games,Team17,,73.0,28.0,0,"20,000 .. 50,000",0.0,0.0,0.0,0.0,1999.0,1999.0,0.0,0.0
1734680,7,INCISION,SmoothBrainDev,Hyperstrange,,236.0,14.0,0,"20,000 .. 50,000",179.0,101.0,179.0,101.0,1199.0,1499.0,20.0,6.0
1779240,0,天国病院-Heaven's Hospital-,NNゲーム工房,NNゲーム工房,,4.0,0.0,0,"20,000 .. 50,000",0.0,0.0,0.0,0.0,399.0,799.0,50.0,0.0
1712840,1,Tiny Tina's Assault on Dragon Keep: A Wonderlands One-shot Adventure,"Gearbox Software, Stray Kite Studios",2K,,230.0,99.0,0,"20,000 .. 50,000",761.0,0.0,820.0,0.0,999.0,999.0,0.0,6.0
1521810,0,Salamander County Public Television,Tinzone Games,Tinzone Games,,27.0,1.0,0,"20,000 .. 50,000",0.0,0.0,0.0,0.0,999.0,999.0,0.0,0.0
1836770,0,Maximum Fighterz: Direct Offensive Action,Master Corporation,AwesomeGamezTeam,,6.0,0.0,0,"20,000 .. 50,000",0.0,0.0,0.0,0.0,99.0,99.0,0.0,0.0
1798780,1,Dimension Tripper Neptune: TOP NEP,"Idea Factory, Frontier Works, tiny cactus studio, WSS playground",Idea Factory International,,234.0,11.0,0,"20,000 .. 50,000",0.0,0.0,0.0,0.0,499.0,499.0,0.0,2.0
1877460,0,Ghost,5K studios,"Piece Of Voxel, 5K Gamers",,3.0,5.0,0,"20,000 .. 50,000",0.0,0.0,0.0,0.0,1399.0,1399.0,0.0,0.0
1880980,0,Trapped In Stone - World War II Horror,W0nnaFight,W0nnaFight,,27.0,3.0,0,"20,000 .. 50,000",0.0,0.0,0.0,0.0,49.0,199.0,75.0,0.0
1921460,0,Zap Dem Rats,Brucent LLC,Brucent LLC,,5.0,0.0,0,"20,000 .. 50,000",0.0,0.0,0.0,0.0,499.0,499.0,0.0,0.0
1946550,2,Toilet Chronicles,Madi Abdykarimov,Bomi Games,,554.0,63.0,0,"20,000 .. 50,000",90.0,0.0,90.0,0.0,499.0,499.0,0.0,8.0
1856840,0,MaDevil,Karl Wenzel,Karl Wenzel,,7.0,1.0,0,"20,000 .. 50,000",0.0,0.0,0.0,0.0,599.0,599.0,0.0,0.0
2006440,0,Secret Backrooms,Marinosdev134,Marinosdev134,,6.0,2.0,0,"20,000 .. 50,000",0.0,0.0,0.0,0.0,299.0,299.0,0.0,0.0
2018380,0,Neon Invaders,Paul Connor,Paul Connor,,2.0,0.0,0,"20,000 .. 50,000",0.0,0.0,0.0,0.0,199.0,199.0,0.0,0.0
2050680,2,Warbox Sandbox,Madar Games,Madar Games,,78.0,12.0,0,"20,000 .. 50,000",762.0,9.0,762.0,9.0,599.0,599.0,0.0,6.0
2025340,0,GALXAGAR,MoonMuse Entertainment Studio,MoonMuse Entertainment Studio,,2.0,1.0,0,"20,000 .. 50,000",0.0,0.0,0.0,0.0,199.0,199.0,0.0,0.0
2128400,0,Code:29,chaos,chaos,,2.0,3.0,0,"20,000 .. 50,000",0.0,0.0,0.0,0.0,799.0,799.0,0.0,0.0
2131380,1,Until Lights Out,Samuka Gomes,Samuka Gomes,,3.0,11.0,0,"20,000 .. 50,000",0.0,0.0,0.0,0.0,199.0,199.0,0.0,0.0
253570,0,Gentlemen!,Lucky Frame,Blazing Griffin,,51.0,82.0,0,"20,000 .. 50,000",336.0,0.0,352.0,0.0,499.0,499.0,0.0,0.0
268670,0,The Memory of Eldurim,Liminal Games,Liminal Games,,100.0,144.0,0,"20,000 .. 50,000",29.0,0.0,29.0,0.0,99.0,99.0,0.0,0.0
284140,0,Majestic Nights,Epiphany Games,Epiphany Games,,68.0,44.0,0,"20,000 .. 50,000",0.0,0.0,0.0,0.0,499.0,499.0,0.0,0.0
299660,0,6180 the moon,"Turtle Cream, PokPoong Games",Turtle Cream,,439.0,43.0,0,"20,000 .. 50,000",557.0,0.0,1069.0,0.0,399.0,399.0,0.0,0.0
315110,0,Woah Dave!,MiniVisions,Choice Provisions,,83.0,27.0,0,"20,000 .. 50,000",0.0,0.0,0.0,0.0,499.0,499.0,0.0,0.0
316810,0,Shadowcrypt,One-bit Punch,One-bit Punch,,61.0,48.0,0,"20,000 .. 50,000",0.0,0.0,0.0,0.0,499.0,499.0,0.0,0.0
317970,0,Dusk 12,Orion Games,ESDigital Games,,82.0,93.0,0,"20,000 .. 50,000",218.0,0.0,218.0,0.0,399.0,399.0,0.0,0.0
347940,0,Forsaken Isle,Smoodlez,Smoodlez,,206.0,161.0,0,"20,000 .. 50,000",0.0,0.0,0.0,0.0,799.0,799.0,0.0,0.0
259830,0,Wooden Sen'SeY,Upper Byte,Spawn Digital,,68.0,57.0,0,"20,000 .. 50,000",160.0,0.0,248.0,0.0,999.0,999.0,0.0,0.0
342520,0,BoxesWithGuns,"Thomas Christof, Giovanni Rotondo, Thomas S.",Thomas Christof,,17.0,64.0,0,"20,000 .. 50,000",3.0,0.0,3.0,0.0,199.0,199.0,0.0,0.0
358390,0,Stargunner,3D Realms,3D Realms (Apogee Software),,83.0,16.0,0,"20,000 .. 50,000",15243.0,0.0,15243.0,0.0,0.0,0.0,0.0,1.0
327060,0,FEIST,Bits &amp; Beasts,Finji,,378.0,122.0,0,"20,000 .. 50,000",0.0,0.0,0.0,0.0,999.0,999.0,0.0,0.0
369180,0,SoulCraft,MobileBits,Headup Games,,59.0,63.0,0,"20,000 .. 50,000",0.0,0.0,0.0,0.0,499.0,499.0,0.0,1.0
359940,0,Shadows Peak,Andrii Vintsevych,Andrii Vintsevych,,203.0,78.0,0,"20,000 .. 50,000",0.0,0.0,0.0,0.0,649.0,999.0,35.0,2.0
356580,0,Aerannis,ektomarch,ektomarch,,92.0,39.0,0,"20,000 .. 50,000",7.0,0.0,7.0,0.0,99.0,99.0,0.0,0.0
404050,0,Black & White Bushido,Good Catch Games,"Green Man Gaming Publishing, Good Catch Games",,113.0,53.0,0,"20,000 .. 50,000",0.0,0.0,0.0,0.0,1299.0,1299.0,0.0,0.0
399000,0,Porradaria Upgrade,CleanWaterSoft,CleanWaterSoft,,41.0,19.0,0,"20,000 .. 50,000",228.0,0.0,263.0,0.0,0.0,0.0,0.0,0.0
374240,0,Eternal Step,Once More With Gusto,Green Man Gaming Publishing,,39.0,19.0,0,"20,000 .. 50,000",687.0,0.0,687.0,0.0,999.0,999.0,0.0,0.0
413030,0,Mytheon,Petroglyph,Petroglyph,,60.0,58.0,0,"20,000 .. 50,000",0.0,0.0,0.0,0.0,999.0,999.0,0.0,0.0
429490,0,Resilience Wave Survival,Jimbob Games,Jimbob Games,,112.0,71.0,0,"20,000 .. 50,000",0.0,0.0,0.0,0.0,499.0,499.0,0.0,0.0
403850,0,Sky To Fly: Faster Than Wind,AIVIK LLC,Absolutist Ltd.,,70.0,34.0,0,"20,000 .. 50,000",0.0,0.0,0.0,0.0,199.0,399.0,50.0,0.0
431450,0,Alchemist's Awakening,Osaris Games,Osaris Games,,358.0,120.0,0,"20,000 .. 50,000",96.0,0.0,96.0,0.0,999.0,999.0,0.0,0.0
314180,2,Deathsmiles,"CAVE Interactive CO.,LTD.",Komodo,,452.0,17.0,0,"20,000 .. 50,000",124.0,0.0,124.0,0.0,1999.0,1999.0,0.0,2.0
386650,0,Dungeons and Robots,Glow Games Studio,Digital Tribe,,74.0,89.0,0,"20,000 .. 50,000",0.0,0.0,0.0,0.0,899.0,899.0,0.0,0.0
420550,0,Super Arcade Football,OutOfTheBit Ltd,OutOfTheBit Ltd,,126.0,52.0,0,"20,000 .. 50,000",0.0,0.0,0.0,0.0,999.0,999.0,0.0,0.0
429830,0,Unseen Diplomacy,Triangular Pixels,Triangular Pixels,,138.0,17.0,0,"20,000 .. 50,000",0.0,0.0,0.0,0.0,299.0,299.0,0.0,0.0
446390,3,Onechanbara Z2: Chaos,Tamsoft,D3PUBLISHER,,620.0,179.0,0,"20,000 .. 50,000",558.0,0.0,558.0,0.0,3999.0,3999.0,0.0,3.0
490880,0,Robot Legions Reborn,Skyboy Games,Skyboy Games,,40.0,9.0,0,"20,000 .. 50,000",270.0,0.0,270.0,0.0,119.0,299.0,60.0,0.0
457810,0,Sky to Fly: Soulless Leviathan,AIVIK LLC,Absolutist Ltd.,,57.0,17.0,0,"20,000 .. 50,000",0.0,0.0,0.0,0.0,199.0,399.0,50.0,0.0
492180,0,Haimrik,Below the Game,Fulqrum Publishing,,197.0,39.0,0,"20,000 .. 50,000",0.0,0.0,0.0,0.0,999.0,999.0,0.0,0.0
491720,0,Nary,Khud0,Khud0,,35.0,8.0,0,"20,000 .. 50,000",170.0,0.0,221.0,0.0,199.0,199.0,0.0,1.0
296890,0,Neon Shadow,Tasty Poison,Crescent Moon Games,,58.0,13.0,0,"20,000 .. 50,000",0.0,0.0,0.0,0.0,499.0,499.0,0.0,0.0
513880,3,Panzer Warfare,Kobra Studio,Kobra Studio,,43.0,26.0,0,"20,000 .. 50,000",423.0,0.0,484.0,0.0,61.0,199.0,69.0,2.0
476700,0,Island 359,"CloudGate Studio, Inc.","CloudGate Studio, Inc.",,327.0,99.0,0,"20,000 .. 50,000",0.0,0.0,0.0,0.0,1499.0,1499.0,0.0,0.0
530520,0,Aegis,Innuendo Squad Studios,Innuendo Squad Studios,,19.0,28.0,0,"20,000 .. 50,000",0.0,0.0,0.0,0.0,299.0,299.0,0.0,0.0
465870,1,SHOCK TROOPERS 2nd Squad,"SNK CORPORATION, Dotemu",SNK CORPORATION,,47.0,41.0,0,"20,000 .. 50,000",6.0,0.0,6.0,0.0,799.0,799.0,0.0,1.0
463670,1,Runeyana,Blackturn Ltd,Blackturn Ltd,,22.0,25.0,0,"20,000 .. 50,000",409.0,0.0,416.0,0.0,0.0,0.0,0.0,0.0
545570,0,PHAT PHROG,ColloseusX,Phat Phrog Studios,,37.0,23.0,0,"20,000 .. 50,000",3341.0,0.0,3341.0,0.0,0.0,0.0,0.0,0.0
552960,0,Fastigium,ifgames studio,ifgames studio,,23.0,21.0,0,"20,000 .. 50,000",8402.0,0.0,8402.0,0.0,0.0,0.0,0.0,0.0
615250,6,M.A.X.: Mechanized Assault & Exploration,Interplay Entertainment Corp.,Interplay Entertainment Corp.,,116.0,15.0,0,"20,000 .. 50,000",0.0,0.0,0.0,0.0,999.0,999.0,0.0,10.0
621810,1,Strain Tactics,Touch Dimensions Interactive,Touch Dimensions Interactive,,162.0,30.0,0,"20,000 .. 50,000",0.0,0.0,0.0,0.0,1499.0,1499.0,0.0,1.0
594300,0,Chasing Styx,ForepawSoft,ForepawSoft,,65.0,12.0,0,"20,000 .. 50,000",13941.0,0.0,13941.0,0.0,0.0,0.0,0.0,0.0
606680,1,Silver,"Infogrames, Spiral House, THQ Nordic",THQ Nordic,,574.0,47.0,0,"20,000 .. 50,000",77.0,0.0,97.0,0.0,599.0,599.0,0.0,4.0
658160,3,ClickRaid,Slikey Games,Slikey Games,,233.0,55.0,0,"20,000 .. 50,000",3213.0,0.0,6181.0,0.0,499.0,499.0,0.0,5.0
681140,0,Last Soldier,"38,9_Degrees","38,9_Degrees",,28.0,35.0,0,"20,000 .. 50,000",0.0,0.0,0.0,0.0,0.0,0.0,0.0,0.0
377060,1,On a Roll,Creative Concepts,Creative Concepts,,242.0,142.0,0,"20,000 .. 50,000",0.0,0.0,0.0,0.0,1999.0,1999.0,0.0,1.0
608110,0,Null Vector,Optical Override,Optical Override,,257.0,9.0,0,"20,000 .. 50,000",1205.0,0.0,2311.0,0.0,499.0,499.0,0.0,1.0
661740,0,Morphite,"Crescent Moon Games, We're Five Games, Blowfish Studios",Crescent Moon Games,,70.0,28.0,0,"20,000 .. 50,000",0.0,0.0,0.0,0.0,1499.0,1499.0,0.0,0.0
703720,0,ERSATZ,Paris Stalker,"Paris Stalker, ALL iN",,14.0,2.0,0,"20,000 .. 50,000",0.0,0.0,0.0,0.0,199.0,199.0,0.0,0.0
712810,0,Fallen Times,DaFu Studio,DaFu Studio,,65.0,43.0,0,"20,000 .. 50,000",717.0,0.0,717.0,0.0,199.0,199.0,0.0,0.0
714370,2,LEFT ALIVE,Square Enix,Square Enix,,204.0,530.0,0,"20,000 .. 50,000",0.0,0.0,0.0,0.0,5999.0,5999.0,0.0,1.0
673940,2,Dragon Glory,TeamTop Games,101XP,,36.0,45.0,0,"20,000 .. 50,000",5237.0,0.0,5237.0,0.0,0.0,0.0,0.0,3.0
724130,0,Radar Warfare,DreamRoad Productions,DreamRoad Productions,,9.0,5.0,0,"20,000 .. 50,000",0.0,0.0,0.0,0.0,99.0,99.0,0.0,0.0
741430,0,Titanic VR,Immersive VR Education Ltd,Immersive VR Education Ltd,,180.0,41.0,0,"20,000 .. 50,000",0.0,0.0,0.0,0.0,1999.0,1999.0,0.0,1.0
719590,0,Mesozoica,"Underdog Interactive, Squadron Interactive, DreamInCode B.V.",Underdog Interactive,,124.0,437.0,0,"20,000 .. 50,000",0.0,0.0,0.0,0.0,99.0,99.0,0.0,0.0
642580,0,Cally's Caves 4,VDO Games,VDO Games,,105.0,23.0,0,"20,000 .. 50,000",12.0,0.0,12.0,0.0,999.0,999.0,0.0,0.0
725780,1,Play With Me: Escape Room,Airem,Airem,,217.0,109.0,0,"20,000 .. 50,000",132.0,0.0,132.0,0.0,299.0,299.0,0.0,3.0
793240,0,Merlin vs Zombies,Educational Games,Educational Games,,40.0,14.0,0,"20,000 .. 50,000",0.0,0.0,0.0,0.0,299.0,299.0,0.0,0.0
825240,0,Elude,Rock Interactive,Rock Interactive,,9.0,2.0,0,"20,000 .. 50,000",0.0,0.0,0.0,0.0,99.0,99.0,0.0,0.0
832610,0,Corrupted,Juvty Worlds Ltd.,Juvty Worlds Ltd.,,18.0,23.0,0,"20,000 .. 50,000",0.0,0.0,0.0,0.0,999.0,999.0,0.0,0.0
779100,0,Daemonical,Fearem,Gamifier,,148.0,74.0,0,"20,000 .. 50,000",0.0,0.0,0.0,0.0,1499.0,1499.0,0.0,0.0
837310,0,Telophase,"Telophase Studios, LLC","Telophase Studios, LLC",,46.0,13.0,0,"20,000 .. 50,000",3966.0,0.0,3966.0,0.0,0.0,0.0,0.0,0.0
717050,0,Thirdmage,Aristotelis Giannakopoulos,Aristotelis Giannakopoulos,,18.0,12.0,0,"20,000 .. 50,000",2387.0,0.0,2387.0,0.0,0.0,0.0,0.0,0.0
743860,0,Wild West Online,WWO Partners Ltd,WWO Partners Ltd,,275.0,667.0,0,"20,000 .. 50,000",508.0,0.0,508.0,0.0,0.0,0.0,0.0,0.0
907160,0,Project Skylab,Not Awful Studio,Not Awful Studio,,11.0,36.0,0,"20,000 .. 50,000",0.0,0.0,0.0,0.0,0.0,0.0,0.0,0.0
887710,0,Ritter,CasGames,CasGames,,4.0,12.0,0,"20,000 .. 50,000",0.0,0.0,0.0,0.0,99.0,99.0,0.0,0.0
847360,5,Super Lucky's Tale,Playful Corp.,Xbox Game Studios,,452.0,69.0,0,"20,000 .. 50,000",284.0,0.0,298.0,0.0,2999.0,2999.0,0.0,10.0
835950,1,Transpose,Secret Location Inc.,Secret Location Inc.,,213.0,22.0,0,"20,000 .. 50,000",45.0,0.0,54.0,0.0,1999.0,1999.0,0.0,1.0
964960,0,Plunder! All Hands Ahoy,"Scott Grambo, Ross Grambo",Grambo Games L.L.P,,10.0,9.0,0,"20,000 .. 50,000",0.0,0.0,0.0,0.0,0.0,0.0,0.0,0.0
1013410,0,REDVIIL,BURRIK,BURRIK,,26.0,35.0,0,"20,000 .. 50,000",0.0,0.0,0.0,0.0,599.0,599.0,0.0,0.0
1040490,0,Prologue for a Vacant Kingdom,shru,shru,,225.0,8.0,0,"20,000 .. 50,000",0.0,0.0,0.0,0.0,0.0,0.0,0.0,0.0
1000760,6,Foregone,Big Blue Bubble,Big Blue Bubble,,604.0,125.0,0,"20,000 .. 50,000",291.0,0.0,399.0,0.0,599.0,1999.0,70.0,10.0
1043240,2,Touhou Kishinjou ~ Double Dealing Character.,上海アリス幻樂団,"Mediascape Co., Ltd.",,260.0,1.0,0,"20,000 .. 50,000",88.0,0.0,88.0,0.0,1499.0,1499.0,0.0,3.0
1104170,0,Cosmo Chaser,Choi Jaewook,Recordset Software,,1.0,2.0,0,"20,000 .. 50,000",0.0,0.0,0.0,0.0,499.0,499.0,0.0,0.0
1102500,0,A Glider's Journey,"Emma Franklin, Charlie Marshall",Emma Franklin,,43.0,27.0,0,"20,000 .. 50,000",0.0,0.0,0.0,0.0,499.0,499.0,0.0,1.0
1033420,1,9-nine-:Episode 2,PALETTE,Sekai Project,,880.0,13.0,0,"20,000 .. 50,000",52367.0,0.0,104271.0,0.0,1999.0,1999.0,0.0,7.0
1137910,0,Perdition,Contraband,DigiPen Institute of Technology,,121.0,15.0,0,"20,000 .. 50,000",0.0,0.0,0.0,0.0,0.0,0.0,0.0,0.0
1173380,0,NEKO ARENA,Neko Cloud,Neko Cloud,,542.0,107.0,0,"20,000 .. 50,000",26.0,0.0,26.0,0.0,199.0,199.0,0.0,0.0
1190110,3,H-SNIPER: Middle East,Konnichiwa Games,Konnichiwa Games,,414.0,46.0,0,"20,000 .. 50,000",115.0,0.0,198.0,0.0,59.0,99.0,40.0,1.0
1193760,0,WarriOrb: Prologue,Not Yet,"Not Yet, Maple Whispering Limited",,337.0,42.0,0,"20,000 .. 50,000",0.0,0.0,0.0,0.0,0.0,0.0,0.0,0.0
1172950,0,Yandere Escape,LetmeDwight,LetmeDwight,,57.0,35.0,0,"20,000 .. 50,000",0.0,0.0,0.0,0.0,0.0,0.0,0.0,0.0
1213750,3,Fight Crab,Calappa Games,PLAYISM,,683.0,53.0,0,"20,000 .. 50,000",130.0,0.0,130.0,0.0,1999.0,1999.0,0.0,3.0
890550,96,RUMBLE,Buckethead Entertainment,Buckethead Entertainment,,410.0,79.0,0,"20,000 .. 50,000",0.0,0.0,0.0,0.0,1999.0,1999.0,0.0,28.0
1256850,0,Audio Drive 2 VR,2-Volt Games,2-Volt Games,,0.0,8.0,0,"20,000 .. 50,000",0.0,0.0,0.0,0.0,0.0,0.0,0.0,0.0
1368350,0,Instability,Perpetual Motion Software,Perpetual Motion Software,,22.0,9.0,0,"20,000 .. 50,000",0.0,0.0,0.0,0.0,0.0,0.0,0.0,0.0
1344740,4,FOOTSIES Rollback Edition,HiFight,HiFight,,326.0,7.0,0,"20,000 .. 50,000",47.0,0.0,47.0,0.0,399.0,399.0,0.0,6.0
1383490,0,Run For Your Life,Puke&amp;Guts,Puke &amp; Guts,,18.0,5.0,0,"20,000 .. 50,000",0.0,0.0,0.0,0.0,0.0,0.0,0.0,0.0
1400070,0,Don't Cheat On Me,A Normal Monkey Studios,A Normal Monkey Studios,,134.0,159.0,0,"20,000 .. 50,000",15.0,0.0,15.0,0.0,799.0,799.0,0.0,0.0
1413260,0,Traveler of Artcaster,A &amp; D Cooperation,A &amp; D Cooperation,,1.0,2.0,0,"20,000 .. 50,000",0.0,0.0,0.0,0.0,199.0,199.0,0.0,0.0
1361120,0,Element X,Aerobox Games,Aerobox Games,,6.0,0.0,0,"20,000 .. 50,000",0.0,0.0,0.0,0.0,299.0,299.0,0.0,0.0
1422910,0,Agent Klutz,notagamestudio,notagamestudio,,22.0,3.0,0,"20,000 .. 50,000",0.0,0.0,0.0,0.0,0.0,0.0,0.0,0.0
1435660,0,Orbital Invaders,Shaggy Dwarf,Shaggy Dwarf,,8.0,1.0,0,"20,000 .. 50,000",0.0,0.0,0.0,0.0,99.0,99.0,0.0,0.0
1432220,1,G.I. Joe: Operation Blackout,"IguanaBee, Fair Play Labs",GameMill Entertainment,,46.0,37.0,0,"20,000 .. 50,000",0.0,0.0,0.0,0.0,2999.0,2999.0,0.0,0.0
1361050,0,DeRailed,KanapaGames,KanapaGames,,3.0,0.0,0,"20,000 .. 50,000",0.0,0.0,0.0,0.0,499.0,499.0,0.0,0.0
1503670,1,[Chilla's Art] The Caregiver | 終焉介護,Chilla's Art,Chilla's Art,,218.0,47.0,0,"20,000 .. 50,000",42.0,0.0,42.0,0.0,449.0,499.0,10.0,3.0
1514300,0,The Tower Of TigerQiuQiu 2,TigerQiuQiu,TigerQiuQiu,,2.0,2.0,0,"20,000 .. 50,000",0.0,0.0,0.0,0.0,0.0,0.0,0.0,0.0
1502620,0,Security Guy vs AI: The Dawn of AI,"Alexander Bogdanov, Alexandrina Svitsyna",Alexander Bogdanov,,64.0,11.0,0,"20,000 .. 50,000",0.0,0.0,0.0,0.0,0.0,0.0,0.0,0.0
1465890,1,武林志2 (Wushu Chronicles 2),JiangHu Studio,Snail Games,,341.0,404.0,0,"20,000 .. 50,000",0.0,0.0,0.0,0.0,1999.0,1999.0,0.0,10.0
1648730,0,S.O.T.A 2,S.O.T.A Games,S.O.T.A Games,,188.0,124.0,0,"20,000 .. 50,000",0.0,0.0,0.0,0.0,499.0,499.0,0.0,3.0
1620340,49,Wrestling Empire,MDickie,MDickie,,927.0,51.0,0,"20,000 .. 50,000",409.0,566.0,516.0,566.0,1999.0,1999.0,0.0,57.0
1627850,2,Deadly Broadcast,Apphic Games,Apphic Games,,158.0,68.0,0,"20,000 .. 50,000",0.0,0.0,0.0,0.0,374.0,499.0,25.0,3.0
1655410,0,Witchaven,Capstone Software,SNEG,,38.0,2.0,0,"20,000 .. 50,000",0.0,0.0,0.0,0.0,799.0,799.0,0.0,0.0
1440010,0,Die After Sunset,Playstark,PQube,,51.0,17.0,0,"20,000 .. 50,000",0.0,0.0,0.0,0.0,1499.0,1499.0,0.0,2.0
1594370,0,No Hope,Helemon,Helemon,,8.0,1.0,0,"20,000 .. 50,000",0.0,0.0,0.0,0.0,399.0,399.0,0.0,0.0
1774980,0,Cursed  Dungeon,Seaborgium Entertainment,Seaborgium Entertainment,,14.0,3.0,0,"20,000 .. 50,000",0.0,0.0,0.0,0.0,99.0,99.0,0.0,0.0
